order_id,product_id,quantity
1961864118,642612,3
1549769649,378676,1
9185164487,741341,2
9644738826,561860,1
5427684290,602241,2
3265154092,681063,1
4898355547,56589,3
6568151549,500739,2
6006693867,490939,1
374186990,760828,2
4455336265,753354,3
3539286337,684939,1
9171116867,500739,3
5504941865,540618,1
5868326481,53833,3
2137046916,455755,2
8195544338,131937,1
2889700050,798639,1
65827885,324809,3
4656471694,679284,1
6625178717,952168,3
7169557514,706112,2
2268306684,812607,2
6905293278,799952,1
1769493463,709916,3
5003387344,67197,3
2064484752,937542,3
964822979,455755,2
6037899648,669378,1
9347571484,112390,2
3286177534,891833,1
9073572548,60619,1
8395583761,561860,3
6355378227,993331,1
277376321,94225,3
8559748526,552496,1
1458051433,57405,3
5838302640,240179,3
1380971977,602241,3
1221099013,131937,1
6771166303,677542,3
7111337755,888807,3
5562922993,540618,1
5630957897,876139,2
1787380558,444361,3
32613017,451812,1
2039041670,287070,1
210693801,432617,3
8120002258,131937,1
2177917034,144124,2
4254814926,324809,1
6074172790,888807,2
3381573131,684939,1
3773745777,734789,1
9251939156,876139,3
3872982303,56589,2
2625987757,890232,1
3162249401,432617,1
3108986741,687218,3
1851474741,970529,3
2425099132,604184,2
6706793332,615545,2
2149289255,567671,3
1971008155,222892,1
2087093460,34186,2
2116712588,891833,1
6054358790,532965,1
532660797,962054,2
1491991005,33955,1
4136019599,644847,3
2122832513,954722,1
3717703595,500633,3
3194733693,240179,2
4471162437,820973,1
1609331948,490602,3
6920030794,256783,2
5127172657,913428,2
8607115856,324809,1
7154957395,516376,1
2070762702,566052,3
3697242439,897083,2
3063427913,799952,2
2060061337,690565,1
4625892678,317242,1
6045698170,965755,3
7876289647,863930,1
3434084714,264803,2
9031695663,697683,1
1955989715,679284,1
3459500455,992178,1
5953376503,300159,1
121874867,952124,3
2460545397,925482,1
9690050839,500633,2
2574349065,123983,3
2461936988,272170,2
6447596416,70969,1
7228452275,757274,2
6696750742,14145,2
822235931,611575,3
7678251499,704868,1
2497341976,451933,1
9107314128,820541,3
9855726256,349294,2
9398719862,615545,2
379494532,654297,3
1048784963,451933,2
4386246924,613942,2
2050362692,366066,1
4142963293,287070,1
9753528654,137909,1
8126970833,700048,3
9747814712,256783,2
6281619403,131136,2
436184281,15314,3
9799231260,39154,3
4071811527,661577,1
5645359563,723678,3
9411813703,557908,3
4270217473,336847,2
279851011,34186,3
6260524887,94225,2
5853998391,257719,2
9931976872,118820,3
8432209832,336847,1
6023721507,327290,1
3042338919,679284,3
233646065,803607,1
9870610018,615545,2
1398230967,951463,3
8615488922,566052,3
2748841057,552496,2
1375867721,500633,3
8595141097,274207,1
4673382071,256783,1
2948696008,131937,2
6839692624,67197,2
5770951298,329351,3
5084771819,154179,2
422403644,317242,1
7176758896,492958,2
8252905093,647462,3
1488561572,585299,1
6212984517,853932,1
6309784337,120532,1
4613890018,490602,1
3429728472,851978,1
267738904,606256,2
3850416839,697683,3
3412702479,444361,3
2016183232,14145,3
3810280204,880510,3
2416767295,284460,1
2283439407,376447,1
4328802292,378676,2
7072715691,863930,2
5640741373,89084,2
6931094066,461804,3
3417088709,366066,3
4424404315,313754,2
2444087306,366066,1
486085268,354409,3
1731312620,589812,1
6475582506,140489,2
1868581378,552883,3
8884235937,859361,2
4590662628,131937,2
992302540,993331,2
7169974633,153019,2
6703651257,954722,1
7180810221,659290,3
7875587578,832348,1
2578671497,118820,2
6284350691,112390,2
5383261788,557908,2
6590867973,712307,2
8787105023,398340,1
1402916311,516376,2
9715205272,440875,2
3946852375,894539,3
3367039425,385113,1
687711388,542300,3
647012431,18035,2
7143278295,647462,1
9736844695,564692,1
5933289680,747801,2
9494303116,336847,3
9337878102,654623,3
6872621077,228286,2
7330237253,677169,1
7942616242,970529,3
238520071,537274,2
5812379362,833557,1
2616623847,853932,3
2040854480,684939,1
5456484560,324809,1
883309006,131748,1
6528341992,336847,2
3263203775,563740,1
3660010934,613942,3
7944885043,760828,1
2506369831,144124,2
697061213,398340,2
7079057004,714999,2
1556153632,739448,3
2161235338,704868,3
1247978468,712003,1
5437627061,679865,1
9091960039,689769,1
619198317,194682,1
9833179291,272170,2
4148760273,51036,2
7206041763,124290,3
690097648,291238,2
4197061567,621677,3
2009394836,237083,3
277502363,667163,1
4356959622,91670,2
174306009,832348,1
9582674091,433521,2
8675579025,317242,1
5195999941,34186,3
5210007923,492958,1
6595771960,949818,3
4247338382,354409,1
819143326,891833,2
3830844750,487065,3
1687314172,378287,2
6756007265,820973,1
489762747,349294,2
7509195875,704868,1
2370917070,500739,1
2055388266,107548,1
8969304162,9436,2
5412674107,644847,2
1536516619,313754,3
3858907413,51036,1
4976389251,4452,1
2218319201,378287,1
6729422433,552496,2
1354097448,15314,2
8952275304,757274,3
436603801,557908,2
5273875984,859361,1
9290203003,714999,1
6240982373,70969,3
2718348206,243235,2
4903544026,470449,3
2827266949,937542,3
4278423074,880510,2
645916247,812607,1
5816647866,432617,2
7282397914,600767,1
3260611473,712307,1
8638163868,832348,1
177850987,237083,2
9653859166,272170,1
9991338690,26060,1
1714593246,613942,3
9742461226,478531,3
3314393477,901144,3
4188317986,951463,1
1646665366,654297,3
9558804585,953175,2
9047652469,319388,3
2893800377,187399,1
6139157985,753354,3
6029394789,803607,1
5874940276,91670,1
5205211911,561860,2
5314758068,552883,3
484869710,15314,2
9957728938,455755,2
3136056666,555121,1
4926104391,642612,2
1827844756,681063,1
7032037874,491314,3
3779230503,82484,3
3473012553,951463,2
7988504487,91670,3
7193792738,500633,3
1533583386,240179,1
7750989397,300159,1
4434816229,537274,1
6896732047,187399,3
4740837071,833557,3
6649631729,863930,3
5351526726,962054,2
1506082041,880510,1
1023260165,470449,1
8257032403,859361,1
7216524192,15314,2
8619795820,449106,2
6494708839,140154,2
9859249765,600767,3
3528020011,592784,2
5937934264,462526,3
2976477423,585299,2
1002438039,709916,3
2571163022,487931,3
6850221497,812607,3
4706569127,15314,1
8168261752,349294,2
5828325906,15314,2
5012271549,67197,1
8110316958,451812,3
3190808443,140489,3
7175472728,435929,2
6011117738,658389,3
5592928753,992178,2
3952040848,927651,2
7026479520,613942,1
6572695161,70969,1
9090769419,305754,1
5979489110,853932,1
964698323,257719,3
2304242664,516376,3
2483843748,812607,3
2560588609,186168,1
9268920928,9436,2
9554019312,578097,1
3749174258,613942,3
3947164241,131136,2
487327038,673058,3
8830321199,894539,2
3811318591,585299,1
6795601573,677542,1
2348495717,709916,3
9505736584,667163,1
1857227304,194682,1
5506485302,491521,1
6074837981,373536,3
4150569633,820973,2
609838437,382511,3
5229657139,487931,1
2589639350,500739,3
7656948165,901144,3
1806563605,183929,1
359819834,952168,2
1908423841,449106,2
299859815,707935,2
923659418,217710,1
3560625119,679865,3
7111490680,317242,3
5766981431,53833,2
8609945311,853932,3
1691260635,707935,1
8742091504,349294,3
1997833025,123983,1
3588296877,757274,2
2404804990,557908,1
8091385479,14145,1
7133174424,264803,1
6110446321,272170,1
6964586050,378230,1
2351986014,589812,2
352569720,757274,1
1235280275,491521,2
9399859705,217710,1
7530379037,952168,3
5952886441,328457,3
5815833211,373536,2
7307394687,739448,2
6033014029,587645,1
1409944718,153019,3
1811382200,131748,3
4485391413,863930,3
4076279641,684939,3
2965387566,615545,2
9397774189,112390,2
1437159967,803607,3
8397785448,131136,2
2778606949,654623,2
1774096863,784827,1
1497256618,853932,1
734095510,313754,1
5755859055,473929,3
5840290569,760828,1
8200985533,555121,2
3255590064,709916,1
4258404747,272170,1
2455161115,131748,2
4448004569,455083,2
5951090793,615545,1
7402491996,672059,2
8532411923,77308,3
7130555385,365133,3
4338197132,107548,3
8044366071,131937,3
4135251774,114414,2
6331483812,291238,1
6705171000,9436,3
7850128898,962054,1
3602554049,818522,3
1070259187,949818,1
8412338399,187399,2
1478022303,600767,2
2376108199,564692,2
5243035202,991434,3
3687581971,739448,2
7008586055,839170,1
5142069216,734789,2
4152441944,712307,2
5601670348,491521,1
605105099,542300,1
4054936140,461804,1
8741892156,540618,2
9143640828,140489,2
6900876252,367391,2
9801174908,837480,1
551343632,272170,3
7961173808,131937,3
328909145,681063,3
5551173528,762527,2
4461788759,876139,2
7256212429,217710,3
9104077642,118820,2
2914056235,930284,3
9127632807,681063,3
6070154414,784827,1
2318969828,123983,1
3813047994,18035,2
1416102774,56589,2
8086834412,566052,2
6193826826,478531,3
8444509148,853932,3
42332130,365133,1
6009342120,272170,2
4818516411,367391,3
1039229544,243235,3
1515943657,760684,3
9183547951,461804,2
8478376092,952168,1
1454073903,34186,3
2855402284,451812,2
7245730533,647462,2
2272892659,51036,3
9087377568,432617,1
8443685057,525531,1
1590988730,764014,3
7357811417,692985,2
394951937,63769,1
3967445448,832348,3
6101022928,256783,3
6322372546,613942,3
9778782281,818990,3
3867563962,647462,1
9277710098,542300,2
7669322773,77308,2
3917427529,771228,2
1934158144,120532,1
3157338466,847349,2
9640662474,760684,3
2356272189,604184,3
1380510406,602241,1
8008377895,349294,2
3680678403,313754,3
2847236502,871592,1
5212392063,532965,1
3804024939,57405,2
5395870775,432617,3
511736499,4452,1
2895886759,949818,1
6638513435,306177,3
4168083780,187399,1
2501516144,652118,3
7141387557,349294,3
2747350024,186168,3
9503407492,764014,2
4845607487,513199,1
2051769691,890232,1
1092990139,820973,2
5527612319,690565,3
8852367079,714999,3
1666202264,337168,2
8606484804,654297,1
8905341102,937542,2
5418735913,606256,1
970377475,734789,2
7320527109,291238,2
5120698,187399,1
3812396179,114414,3
8178951021,18035,3
2479115586,532965,2
6239453389,880510,2
3136508414,435929,3
5521273487,18035,2
5445047872,723678,3
3678525130,451812,1
9328056960,237083,2
2109203997,131937,1
556665455,876139,3
6573705785,567671,2
2609502403,131136,1
1463293930,689769,1
8132887999,433521,2
7178789018,112390,1
2295700159,760828,3
9277089038,837480,2
145057465,26060,3
9452353274,34186,1
5434328922,837480,2
3327051807,516376,3
1461604569,812607,1
606518084,60619,1
7637625389,585299,1
7311621328,317242,3
8790217194,589812,2
1772445313,557908,3
159394992,473929,1
7992910755,243235,1
1786931285,679321,1
2225520858,448752,3
5635738740,319388,2
2230824358,679284,1
9217211301,681063,2
4501870609,839170,2
838401679,832348,3
9587315528,623234,3
3122936945,880510,1
6093390755,337168,1
2032956677,993331,1
1488430001,807452,3
615391848,284460,1
8686093533,492958,2
7038758506,51036,2
2385966456,451933,3
259622674,154179,2
2580381935,137909,2
5035471587,927651,2
9421270813,154179,1
1831516625,264803,3
1918841793,256051,1
1757159071,589812,2
7589464630,961614,1
1577085460,723678,3
2279018877,993331,2
7431412128,136533,2
8781520615,689769,2
1276192882,853932,1
4065794921,120385,3
1690800946,589812,1
877883470,4452,2
7322044533,382511,3
5243163885,833557,1
4360255357,91670,3
9623306038,365133,2
6282385286,807452,2
1001900652,217710,2
5161988291,82484,2
3597752998,376447,1
9074325310,11422,2
8875965392,361361,3
971081962,673058,3
1948332638,18035,2
1785558780,689769,1
7590462053,228286,3
2135743860,647462,1
9851365751,222892,3
9243090480,385113,3
7168596454,563740,2
2483565595,52729,1
2484470052,721521,2
7702588270,305754,2
5992338333,63769,2
9196796718,965755,1
3291765954,171602,2
652616858,589812,3
2613508245,123983,3
8169361928,818990,2
9395982132,891833,2
1914701538,962591,1
6236279358,77308,1
2288561509,968887,3
2010415757,820973,3
7164827734,9436,2
7971819985,764014,3
8234021674,123983,3
4274404843,803607,1
7353519273,927651,1
8539612501,707935,1
5894327065,953175,3
77053363,883013,3
4467084478,833557,2
3514036230,107548,2
4720421794,532965,2
3202903413,140489,3
6938082428,764014,2
9202941711,144124,2
8963522960,264803,2
9266835891,243235,2
5265722064,672059,3
5514326011,677542,1
9578652103,15314,1
3559061334,706112,3
637944734,4452,3
7454643275,365132,3
4319342350,951463,2
7568450733,871592,2
734744305,77308,3
5233331050,171602,3
8326867788,798639,3
8368819094,968887,3
8700151605,820541,2
6269179048,700048,3
1265254177,435929,1
9858963919,140489,3
7279564594,336847,2
6983253839,913428,3
9479808024,712307,2
3583522679,712003,1
1923226423,365133,2
664198080,615545,1
4224700084,305754,1
969621016,540618,3
8178275820,136533,2
4949766982,490602,2
5258344385,712307,3
8101930640,833557,1
6703316563,365132,1
7680297690,970529,2
7256340388,673058,3
2538269668,557908,1
7506762237,700048,1
6585436114,652118,1
9852996866,107548,2
1991135167,901144,3
7765110772,563740,2
3520718052,51036,3
5388573375,652118,3
8977771682,63769,2
3596900942,537274,2
155295996,365133,3
1945536198,34200,3
2550246555,89084,3
4287631655,969851,2
2033683703,954722,3
9453583714,623234,3
852886125,679284,3
5705899665,784673,1
5706043483,6405,3
5190422833,962591,3
7178188501,712307,2
2864819888,425341,3
7107216633,600767,1
1685382357,329351,2
7562902958,927651,1
2819953077,762527,3
8453462258,542300,3
4605056279,473929,1
5998035939,642612,1
2311501690,144124,2
356495722,807452,2
2695448838,962591,1
6986791144,500633,1
8619571588,820541,3
4088553674,606256,2
8177907004,945635,2
8533749006,490939,1
8694014791,478531,1
6311012195,222892,3
1312767771,704868,2
214919848,328457,1
5521682945,888807,3
5305770811,264803,2
5842420654,714999,2
4566893863,228286,3
1523729855,647462,2
2899786983,336847,1
9202528884,18035,1
4338327693,228286,2
6295686357,942001,1
6396194687,89084,1
5662786245,563740,1
4868150114,564692,3
502764834,112390,2
5056125341,378287,3
6388618916,41853,1
3508668494,366066,2
5289436093,890623,1
7596333614,481843,2
6284076508,888807,1
340050407,880510,1
5927472701,747801,1
9216536492,219598,1
3742662928,397973,2
4797768073,34200,1
6767935470,690565,1
1963703928,644847,1
552470423,762527,1
739434870,367391,3
7930373606,901144,1
5374978054,146840,3
4361797433,739534,2
2002067527,317242,3
4228110436,366066,2
1251118825,953175,3
7165265639,890232,3
1255323701,847349,1
807934194,256783,1
7968718292,11422,3
2620531979,336847,2
6943430459,871592,1
5607355353,707935,2
6696352636,537274,3
9325920156,784827,1
2286477025,949818,2
6704773223,723678,3
1435353007,336847,1
8080970647,91670,1
5881633926,6405,1
4435459085,291238,1
6172529406,327290,2
9127879048,890623,2
3806545110,760828,3
6919395718,461804,1
5277462976,654297,3
3606274277,992178,2
2065203676,228286,1
4042066387,961614,3
3604982656,968887,2
1149676745,94225,3
3895011687,349294,1
772505056,313754,2
5574765914,51036,3
8812616740,673058,2
1486655525,34186,1
8423025639,365132,3
9020705185,654623,2
7719808698,118820,3
3414036630,767398,2
4157869967,848226,3
4873887251,652118,1
8031946454,455083,1
8168056170,194682,3
3108512811,993331,2
1680591951,131748,1
559245731,461804,1
8655600303,440875,2
8247327365,704868,3
9153347285,89084,2
1977533409,137909,1
2433646621,94225,2
22830983,890232,3
1143763031,961614,3
8524056436,540618,1
4262338791,557908,3
187728451,880510,1
6754346312,930284,1
5790622967,137909,3
4305348838,927651,1
2902411553,832348,1
3691199770,564692,1
775709102,818990,2
5262508570,689769,2
192109127,721521,2
1108215973,851978,3
1719134546,473647,3
5280263316,847349,1
9448306266,487065,1
8023626961,673058,1
1118405605,287070,3
8226034341,723678,2
6976835753,563740,3
9171564499,807452,2
5393607402,965755,1
5670040592,700048,1
6736891890,942001,3
1223255075,820541,1
8158413630,654623,3
7867573412,741341,3
1624690598,799688,3
8968945932,52729,3
1645212433,473929,2
9187046038,53833,2
9305357757,721521,2
8312320295,654623,3
3256941332,952168,3
8980502814,256783,3
9270396838,440875,1
2892588628,820973,3
8774158800,492958,2
2056131802,397973,3
3528007192,243235,3
2845333894,313754,3
6602340187,894539,3
721004875,677542,2
7435895360,820973,2
4217659083,692985,2
9710865146,451812,3
5375295409,709916,3
6286044248,490939,1
1708282193,818522,3
5746303677,56589,3
3271726381,319388,3
9802569856,602241,3
662460037,82484,2
8664447334,57405,1
3886370975,440875,1
3547006553,969851,1
2575965518,952168,1
1529363954,853932,3
8463856241,673058,2
2485242479,34186,3
9850673433,552883,3
2558680592,771228,1
2859167116,60619,1
1222236371,491314,3
344177904,970529,1
6126334783,425341,3
3742575364,240179,3
9272166174,367391,2
9416522701,217710,1
7305871805,853932,3
80296810,33955,2
2806868282,661577,3
707033578,820973,1
9026783092,432617,2
6229466619,449106,2
408720270,721521,3
8870165072,186168,1
1979319490,243235,1
840761323,883013,3
744721438,604184,2
7421707488,721521,2
1212718824,324809,2
9603256001,832348,2
5626888972,681063,1
2300753276,764014,1
869629562,237083,2
3429137520,993331,1
9957927297,449106,3
202466684,642612,1
8465721207,33955,2
6194827199,555121,2
3942174431,764014,2
3189863462,567671,2
5923573134,623234,2
6659747528,366066,3
6037541687,306177,3
2585438297,14145,3
8065774615,954722,3
1816814476,667163,2
5278014717,658389,1
4265447949,784827,3
6752221435,760684,1
8943989258,578097,1
4068367936,525531,2
5735156904,552496,1
2405929115,937542,3
7913167260,123983,1
1989751369,837480,3
7338050095,257719,3
9950986048,753354,1
5098703807,726958,3
6937485392,561860,1
1266440097,949818,2
7415490509,365133,3
7284991749,961614,2
4645792703,734789,2
3174938939,365132,3
1752712049,440875,1
8187201830,925482,3
6900896329,557908,2
3793977529,256051,3
194459698,760684,1
9330447952,376447,1
2097372277,757274,2
7060954153,903336,3
2921310646,63769,1
3983082555,94225,3
4867298468,82484,3
3402631472,91670,2
1648146562,398340,1
5907766010,114414,2
9233577456,131136,2
4084808075,324809,3
7217049550,552496,3
1831943568,799459,3
8707473624,990993,3
7075868285,336847,1
5164162918,784827,3
2175298644,970529,1
5882568464,623234,2
7847708619,837480,2
6366048116,679321,3
4926287333,747801,1
5532838325,264803,3
2567996236,714999,3
2655613624,131748,2
7706089549,990993,1
8257370396,451933,1
8623808984,462526,2
7579506101,487065,2
8861024199,329351,2
7666131311,39154,1
103589925,542300,3
7346858138,552496,3
4963962664,820541,1
9069936094,991434,3
4665363191,187399,3
888510905,256051,2
6876091286,903336,3
2592923105,925482,3
2468550508,473647,2
5302956276,56589,3
9409714182,658389,1
1446221570,952168,2
8250036360,256051,3
447464341,378230,2
15642223,937542,3
3285378238,291238,2
2356483296,382511,1
3382911339,697683,1
3690872026,951463,3
6755367585,561860,1
6835850079,880510,3
9345418784,771228,3
7185243614,552883,3
2319044818,615545,1
931834374,41853,3
8485398781,33955,2
9806464912,133542,3
8214365128,542300,2
137089318,39154,2
7615602420,714999,3
3995348964,697683,3
3816542830,942001,3
9665004924,349294,3
1728547597,798639,2
5311190131,965755,2
9581592141,4452,3
4848863693,876139,1
6374883107,473929,1
3270131216,820973,3
2643382562,563740,3
5212524996,784827,1
9594095277,925482,1
8375863419,962591,1
7523880783,880510,3
9670158103,647462,2
4344108631,880510,3
2237858,585299,1
3217791988,890623,1
3355718103,478531,2
9590518103,140154,2
6610120274,552496,2
1180899898,274207,1
8758992688,891833,1
6965716176,970529,3
5527742274,712003,2
826610039,589812,3
3303891913,313754,2
2489292878,969851,2
8589851630,687218,2
4598897781,709916,3
6932356214,131748,2
3499004322,34200,1
7517620171,687218,2
172987148,901144,3
8347207794,890623,1
9472355181,962054,1
1315064289,883013,2
9371869941,712307,2
5184568404,704868,2
5891002534,361361,2
1479730711,123983,3
7651037338,274207,2
8763754537,723678,3
7683813608,658389,2
6722955128,949818,1
8259274680,256783,3
4620484274,9436,2
8260569466,144124,3
8498916204,537274,3
3209538967,82484,1
2570640420,542300,1
2066843639,764014,3
7402125753,319388,2
9171089443,274207,3
3272079644,741341,1
438111050,171602,1
7416160835,222892,1
4075074492,140154,1
5536024334,600767,3
2013140214,962054,3
1113582397,757274,2
1083928258,264803,1
4906957374,818990,3
1876614122,366066,2
6556180328,839170,1
7960553477,585299,3
6335972517,949818,2
6254948159,726958,3
7527936057,107548,3
6257851675,677169,2
6832610950,9436,3
5085005195,697683,3
2177207547,448752,1
3043364543,186168,1
2823404098,891833,3
646676955,77308,2
5756607486,613942,3
9373691795,880510,1
2611601543,661577,1
1491360686,621677,2
1824533423,949818,2
2913841018,799688,1
3141803761,4452,3
6184484468,240179,2
4599327740,613942,3
7479207574,60619,3
2996133401,903336,2
5972410040,968887,3
4007593324,305754,3
3428454405,432617,2
1160646195,876139,1
4376524554,812607,2
1519072771,925482,2
8203685394,615545,3
7906789850,491521,2
8073770046,661577,1
5190202949,992178,1
8542325207,373536,2
7566730050,552496,3
176509722,883013,1
1894603222,839170,1
2694800415,891833,2
5879390688,687218,1
1197715978,945635,3
7790696031,602241,1
2189360099,6405,1
3542041943,313754,1
9202469009,563740,1
3985829990,578097,1
4341872315,930284,3
4748123248,673058,3
99905061,492958,1
9118004489,473647,1
1696936610,490939,1
155669553,714999,1
2885541999,337168,3
2846340681,287070,2
963715332,771228,1
2807634451,481843,3
3046341241,690565,1
485687952,992178,3
7660904370,478531,1
9753033954,667163,1
9509887699,700048,2
1054122071,473929,1
9135272808,952124,2
597447215,848226,1
5562099656,440875,2
4122736828,500633,1
7238138072,679284,3
6244736404,613942,1
1297341963,564692,1
3842442278,567671,1
9576684860,587645,2
1592757566,124290,2
5060677329,264803,3
2241930006,26060,3
3246505078,677169,1
5870152806,659290,1
8919999754,564692,3
1080338783,433521,2
4641905606,112390,3
9456413999,839170,2
4764056827,767398,2
5168057633,272170,2
1442559656,240179,2
6590257283,435929,3
3429671763,473929,1
4750086089,563740,1
3204128006,41853,3
3171917027,56589,3
8814047085,764014,2
1889723479,317242,1
942025494,888807,3
4104444500,807452,1
7562260313,217710,2
7140244766,942001,1
7967974077,448752,3
7456822422,962054,2
4813468096,516376,3
8618576020,382511,1
3727646442,913428,3
9208156337,319388,3
8328118787,500633,3
580528836,11422,3
3350662630,927651,1
6716381725,328457,1
2249567137,897083,3
7484465509,706112,3
2577208156,615545,1
3321905621,820541,3
6686839282,726958,2
5095558661,970529,3
112658009,604184,1
1343610513,925482,2
7190610535,990993,3
5069426001,41853,1
5655369002,6405,2
5761530160,349294,1
4772519706,257719,1
8209051735,336847,3
4870391666,324809,1
7777975083,684939,1
8713948756,837480,2
6191050157,365133,3
4060449266,953175,1
5657605506,451933,3
8851743592,385113,1
4689717606,473929,1
2860246948,859361,1
2875550803,366066,3
5340575011,6405,2
7717156533,820973,1
8297255359,354409,1
7873234939,367391,1
3668515922,328457,3
8356690330,566052,2
3508620293,991434,1
9998297778,709916,3
3898421710,187399,2
3960980694,927651,1
5008395294,131136,3
3722869004,337168,3
8391555591,644847,1
8063730776,196719,3
9052752169,114414,2
7471416647,927651,2
848332407,555121,2
4062701987,194682,1
8723912832,455755,3
9099298435,89084,3
5645691241,77308,2
8258019846,734789,1
2732162016,305754,3
1561902412,679321,1
8979476889,256051,3
8373953053,679284,3
7021309133,992178,3
3447085029,337168,2
9284767341,470449,1
9770431940,679321,2
9650124390,123983,2
9826894858,319388,2
4466839873,77308,1
4331471900,762527,2
5777824005,945635,2
8795242622,33797,3
8561878376,555121,3
2113243643,644847,3
8497820340,327290,2
3167184563,798639,1
9997121955,739534,2
2954397481,272170,1
8125884987,764014,3
3765873352,365132,3
7733310993,820541,1
738093341,257719,2
1837574319,851978,3
2468420564,365133,2
5368005763,237083,2
3823949592,39154,2
6298008063,585299,3
2499190829,679284,2
491116137,237083,2
2206269404,642612,1
1330806043,760684,3
6770858376,654297,2
4466716432,799459,3
8292554686,478531,2
4204069161,34200,2
2163079658,661577,3
6971561757,578097,3
7965253060,739534,3
8939040193,36412,3
8322028211,451812,2
6865922682,914071,2
5912729079,871592,1
8764776130,82484,1
7769965629,747801,2
2166463032,851978,1
7035343259,853932,1
8914775994,91670,3
7565647347,726958,2
6172215120,714999,3
4043585691,760684,3
3735186180,120532,1
5281459433,194682,1
424087401,51036,1
884327245,679321,2
6318008970,952124,3
3792751421,914071,2
5471255539,578097,1
9917290378,991434,2
208989475,432617,2
7672827556,903336,1
3792912325,36412,3
2478533601,349294,2
2255745327,764014,1
8612261848,672059,1
6949810049,63769,2
2399456941,812607,2
6292969164,222892,3
2929485756,365132,1
8757869416,435929,1
2653966619,706112,2
336103625,500633,3
3727289407,564692,3
701250513,243235,2
101816977,677169,2
7838223552,952124,1
4123140013,807452,2
9821008306,131748,3
5414882934,990993,1
9257313140,925482,3
3857021231,561860,2
1606381345,784673,1
239830094,317242,3
580582858,274207,1
4191340899,642612,3
1013630716,9436,2
8220017366,894539,3
4353485612,324809,1
8682172393,891833,1
4085089017,925482,1
1287686307,563740,1
4425450216,365132,2
7799346570,540618,2
5917975686,927651,1
9588500388,712003,2
3963207709,274207,1
2217466286,992178,1
7130088913,712003,3
9064682961,799688,3
6060156146,930284,1
3106610673,444361,2
442408751,661577,1
353571238,552496,3
4670530333,120385,1
4961370923,832348,2
8946821991,462526,1
5720622852,264803,2
7305353953,798639,3
1402723627,60619,3
9820620357,240179,3
1930286155,953175,2
6759029950,712003,1
9032188284,52729,3
9490161602,679321,3
8565257085,762527,3
4884845960,34186,3
6181604084,15314,2
2718508408,91670,1
8354866000,679865,1
8025728977,952124,1
6531356394,487931,3
5489184758,927651,1
1377599881,492958,2
227162938,991434,2
3449083612,284460,2
5662514948,240179,1
2034571482,327290,3
348782569,644847,1
8697396531,658389,3
3538455450,799688,3
7513290139,954722,1
8320461939,432617,2
8217899522,107548,3
4217056877,131748,3
3684167813,354409,1
5351904164,82484,1
2731829604,672059,2
7162485958,120532,3
4830502113,848226,2
9797013595,39154,2
9487843345,587420,2
2148242015,219598,3
7465258008,615545,1
8875274470,807452,3
7049717910,82484,2
4829897426,697683,2
3532186218,481843,3
6897674900,237083,1
163895717,654623,2
9857592403,661577,1
2521197661,585299,1
488314125,839170,2
5073549838,385113,3
6399568661,965755,3
3672658084,194682,3
8273236145,366066,3
3411233779,500633,1
8024667539,354409,3
6112199794,397973,1
9484473160,137909,1
9729709418,784673,2
7900224799,327290,2
1821414490,124290,2
5813507399,500739,1
3928003125,274207,3
5271866987,681063,3
9794537731,114414,1
4852718488,131937,3
8300546273,677169,3
976104194,557908,3
5373961125,433521,3
6056126973,256783,2
6352881332,726958,3
1643234106,557908,3
8697966993,60619,3
2276061263,687218,1
4045613782,600767,3
2959828441,34186,1
3514589876,669378,3
9444081952,532965,1
8183959589,94225,3
1712832927,425341,3
8162867215,112390,1
4160230443,820973,1
9787535949,240179,1
3423995261,747801,2
1523343168,298985,3
1948066291,644847,1
2021361582,41853,3
7491420331,470449,2
994840771,112390,2
6277344634,131136,2
4092653338,317242,3
7213712604,500633,1
7326709115,883013,3
9419789569,171602,3
5388191488,153019,3
9065873433,930284,3
4627342297,67197,3
4286971111,114414,2
645282074,697683,2
7260939789,604184,2
1716322448,700048,2
4293959647,361361,3
3331935300,435929,2
1775389576,961614,3
8194774262,490602,3
3615279775,51036,1
11467999,747801,3
3971267196,171602,2
1584863963,455755,3
1557893814,70969,1
8172695964,697683,1
7462800868,747801,2
5438961669,425341,2
4904849001,913428,2
4816980820,63769,3
9004078716,760828,3
8350353728,481843,2
1204084245,690565,2
4142209897,440875,3
125551624,669378,2
9970545044,962591,3
7976032064,621677,3
8691567542,969851,3
3592747590,34200,1
7495753437,644847,1
3965847120,654623,2
9365984533,470449,1
2948242102,587645,3
6161193691,187399,2
5964122835,144124,3
8879377902,883013,2
8158068874,692985,1
7039570964,240179,3
5482913265,880510,2
1018255782,264803,2
8441505853,153019,3
3850018395,77308,2
4884197611,692985,1
5321849748,914071,3
9808738347,589812,1
8727249149,555121,2
2772154780,962591,1
9128056381,930284,3
4461463308,798639,3
5636483988,256783,2
1532065529,762527,1
9933994647,897083,1
4823026749,851978,1
7453442245,760828,1
6519941559,697683,3
3798769654,324809,1
5034289521,187399,3
6971088688,700048,1
5650184107,894539,2
5770410311,764014,2
274530126,851978,3
4819831152,432617,3
6977688323,171602,3
2035952734,525531,2
3665334102,435929,3
1862413314,490939,1
4466643926,9436,3
4470717835,644847,2
3018086191,217710,2
2447983559,451933,1
5116322704,991434,3
8941550852,36412,3
8026773850,812607,3
2102402075,965755,1
989844439,298985,3
8426805628,897083,3
7662188403,240179,3
9141654140,532965,2
5696947751,555121,2
8953871540,144124,2
1767778760,516376,2
5516201271,600767,1
9358248664,513199,3
1530424665,760684,1
7816293360,673058,2
1602396548,365132,2
7938126128,256783,1
271744331,153019,3
387311360,903336,1
1286123100,647462,1
4832392771,432617,1
4800106448,707935,1
5500008514,378287,2
7879575037,487931,3
50845914,478531,3
9766990467,361361,2
4215602937,820973,3
238484255,354409,3
3293988248,272170,2
5296157775,760684,3
1143489067,4452,2
8524452029,487931,1
4256779885,440875,1
7744686996,585299,1
5427462399,257719,2
8596751747,863930,1
4746468643,679865,3
3010047327,555121,3
1236959246,440875,1
6600422315,287070,3
3227252410,291238,3
6972292408,747801,1
7562754470,82484,2
7361971676,397973,1
8875605037,876139,1
8508253527,440875,1
6798775600,324809,2
3624810422,818522,1
4740213452,726958,2
3825468344,425341,3
902245665,298985,3
6874299189,561860,2
1127125313,140154,2
3606548818,448752,3
5750044154,930284,2
3872847781,652118,3
5939554684,606256,1
676412814,818990,1
4248390724,721521,2
8938687150,319388,3
7898867047,767398,3
2142065357,968887,1
9024719693,659290,3
8976616698,120385,2
8792586840,937542,3
5375387413,378230,3
4252164097,952124,1
8423273411,876139,3
2551179741,707935,3
227511348,513199,1
4434464045,153019,1
7041011843,883013,2
6510283268,136533,3
6853654698,131748,1
9338996795,34186,2
7346145952,449106,1
6497069610,329351,3
1741402363,611575,1
4825878367,26060,2
7019011442,552496,2
1674463798,67197,1
305684588,709916,3
5967495442,516376,2
2571047526,760828,2
7784811086,689769,2
7942005230,714999,2
6653543195,287070,3
397928918,991434,2
776120140,131937,2
8293188779,953175,1
178737268,942001,3
5246598523,272170,2
1172544737,602241,2
6419533291,124290,1
882083749,398340,1
3185510401,136533,1
7760767006,667163,2
3833878150,140154,1
369899578,525531,1
1944466212,990993,1
4064447117,284460,1
1553685597,647462,3
3682284811,848226,1
291439357,615545,2
8285784194,799952,1
5058742647,679865,2
6917020296,747801,1
6671181961,461804,3
5123439997,89084,2
8510183245,587420,3
6081384585,942001,1
4423613746,969851,3
1530472691,611575,1
7009303199,600767,3
5386652055,329351,3
4413239746,131937,1
4988875078,53833,1
1617565217,726958,1
392038758,863930,3
1828727552,820973,3
7119397338,124290,2
2611271708,798639,3
7162509481,606256,3
131913576,871592,3
6627201490,812607,1
4644950813,153019,3
9434934993,397973,1
2556317798,679284,3
2826150539,859361,3
4283803308,942001,1
6873424093,34186,3
4741294126,604184,3
4967241271,587645,2
9554079946,561860,1
4601205399,673058,2
5633967304,704868,2
4168163237,592784,1
5924297360,654623,3
2120299901,767398,2
1070876534,712307,2
7032280048,274207,2
156346853,490602,1
6873267326,319388,1
1370661468,187399,3
3612128358,4452,1
1736953222,146840,2
9107923488,4452,1
4378877600,952168,2
3232762361,124290,3
1831641377,219598,3
562428866,432617,3
4607715908,555121,2
4804575203,587420,3
8287234948,953175,1
6074452586,965755,1
6821790656,487931,2
7821942520,490939,1
3012496270,848226,2
8980370750,56589,1
6535672015,798639,3
6999060704,137909,2
9403732731,131748,2
5649255352,449106,3
5034409841,700048,1
9072111617,112390,1
9556880451,621677,3
4602796463,859361,3
6061353924,291238,1
4366519080,764014,2
1324817141,739448,1
5419080144,89084,2
8813470284,77308,1
3182992799,449106,2
7792996715,961614,3
6962624734,491314,3
5948662456,848226,1
3395675979,300159,1
7550368787,237083,2
8357671697,677169,3
9600704922,833557,3
9915229426,112390,2
9927474026,567671,1
6310535397,968887,1
8045941430,723678,2
4390394582,171602,2
5062545226,673058,2
2836701831,837480,3
4115492281,435929,1
3554645781,53833,3
3983605701,264803,3
8581516385,500633,1
8290229112,473647,1
1195560119,606256,1
5077327994,700048,1
2945185661,903336,3
3951005873,587420,3
3490816523,880510,3
6739114301,33955,1
5728818155,243235,3
7713651693,891833,1
5452048621,706112,2
2297027645,897083,1
2438302298,954722,2
578811216,563740,1
8684710720,621677,3
1249797614,327290,1
8013026217,672059,1
5421697986,606256,2
8922741261,863930,3
3441102335,516376,3
6065607924,63769,2
5153395650,478531,1
2215235447,298985,1
5678676134,319388,1
5045588926,60619,1
1677502866,969851,1
4777610024,433521,3
477350788,762527,2
4616699342,818990,2
8849914077,154179,3
9183435457,107548,1
6922646336,799952,3
3228806806,679865,2
4893095476,444361,2
7773468233,462526,2
5928657526,473929,2
4435936422,837480,2
6031122324,298985,1
7286969496,366066,3
4665508413,433521,2
9224598372,962054,1
842020543,927651,1
7237143327,820973,1
5095141954,133542,1
6229535077,739534,2
2984879441,557908,1
785895477,771228,2
6220343481,525531,3
5897343054,991434,1
60465,361361,2
2245476104,327290,3
6347292505,658389,1
8321900643,611575,2
9639033064,949818,1
2748368258,478531,3
1444371693,455083,3
7111342746,914071,1
9457576236,52729,3
4167252733,991434,2
4304875010,425341,1
4870910859,516376,3
3674118222,839170,2
38408517,378287,2
3081609596,712003,3
1390229631,654623,1
7498092418,799688,1
3334055527,784673,2
8729426842,942001,2
1722808791,432617,1
9775070757,264803,1
4737779056,491521,3
2047483376,51036,2
4758632331,753354,2
4741574337,851978,2
5805120939,747801,1
7550508,140154,2
1966056265,305754,1
6363072906,26060,2
7389054351,563740,3
7146572423,557908,2
4590810848,516376,3
9226364404,876139,3
6687792641,914071,2
5183577434,376447,1
7440785414,397973,1
7932057095,26060,2
6126906924,602241,1
8997788831,146840,2
3480516243,34186,3
1234692850,354409,3
4954911880,136533,2
504060154,839170,2
8723752267,137909,2
5724116944,366066,1
8161349145,144124,3
2985254380,449106,2
9837170359,739534,3
3915323515,681063,3
8829163586,615545,3
961526405,516376,1
5792721465,615545,3
8094117960,317242,2
9318325652,606256,2
852676412,679284,1
6487883093,990993,2
5398965602,661577,3
6149664144,681063,2
6231586256,329351,2
4598622116,462526,1
8971796779,952168,3
2148246883,131136,3
4357632507,298985,3
3323576462,114414,1
4220834107,876139,3
4409513224,721521,3
5610159677,760684,3
6259219127,714999,1
5628497118,51036,1
1508576390,602241,2
5922953060,34186,1
5130838561,771228,1
3217749279,327290,3
9279422297,954722,3
222955546,566052,1
8290493339,602241,3
6418952352,667163,3
8978231928,243235,3
3746306403,890623,1
3157198428,927651,1
981939883,461804,1
6569836274,913428,2
5695124358,317242,3
773335066,833557,1
3618712852,970529,3
6009732867,94225,1
7269785858,274207,1
5798831066,33955,2
5330654120,969851,1
462189338,839170,1
7536187765,927651,2
9938820107,51036,3
9410751894,652118,1
9172888683,14145,3
8018695018,124290,3
7456610316,901144,2
5627902734,927651,3
5189768940,327290,2
173709007,306177,3
1485229334,667163,1
9334479603,34200,2
8674211510,654297,1
390257855,937542,1
6642374542,462526,2
6585999443,444361,1
622705569,337168,2
1635083835,681063,2
7359512417,606256,3
9237698013,382511,3
3492935177,757274,1
4324086468,734789,1
9171218505,378230,1
5068157547,186168,3
8558710948,880510,1
3184669775,34200,3
7079324691,398340,3
4210311922,120532,2
7660037070,784673,3
9410025634,9436,3
6798589010,11422,1
5401466202,478531,3
9102648124,859361,3
1969956670,848226,1
1194228460,140489,3
9628463148,566052,3
7745364283,654623,1
9892343037,131748,3
1588828749,53833,3
4037647778,144124,2
6664301655,367391,1
7096225581,6405,1
79029185,820973,3
7831967187,993331,3
482214790,51036,3
5931307224,891833,1
6410432854,894539,3
6124624375,644847,2
8992870838,757274,2
8377146126,291238,3
7852428533,602241,3
9258876870,131748,1
6810940082,606256,3
3330538479,771228,2
7270469981,131748,1
5636241570,306177,1
4467471002,51036,1
6201821502,555121,3
6144140039,324809,1
3310749597,611575,3
5085488484,56589,1
587498345,970529,2
5136205193,473929,1
9321319130,807452,1
9113393578,832348,1
3860678807,378287,3
3603683788,478531,1
4472082279,753354,2
4104732514,927651,1
9050314096,196719,2
9296105870,692985,2
4678456188,306177,3
812386333,567671,2
8100314462,760828,1
781509952,131748,2
1918416669,77308,1
1152165724,687218,3
9664390656,968887,1
2686950796,961614,2
7332801173,118820,1
3503438244,123983,2
4044591373,578097,3
7817195618,945635,3
8974710941,962591,1
2811268404,433521,2
7251548462,114414,3
352037003,992178,3
8510312737,313754,1
3242700095,490939,1
5833898647,851978,2
7212771842,60619,3
7799757050,91670,1
9593303695,951463,2
7709693536,89084,2
5092922964,114414,3
8318806722,196719,2
4352870279,153019,2
6722040962,945635,1
1690831615,566052,2
6475689021,397973,1
8361280131,954722,2
2664549359,440875,1
9510912773,555121,1
3654462337,659290,2
2308652017,566052,3
8300200841,587420,2
5027243163,540618,3
713290065,799459,3
2006434350,136533,1
6587221270,120385,1
969705468,256051,3
4492000627,798639,1
977290328,942001,2
8735245723,672059,3
6299539090,784673,3
2177211652,784827,1
8972569491,51036,3
7658414712,349294,3
2069355540,183929,1
4084790776,812607,3
8716008121,658389,3
9781965606,784827,2
8380133046,681063,3
691827543,621677,1
5750245858,217710,3
1578150657,382511,2
9069556587,747801,1
8396347551,913428,1
6083487488,820973,3
3191281184,853932,3
6397409024,762527,2
9021529086,107548,3
8214544415,537274,3
8569302709,131937,3
2219192870,799952,3
8537081061,894539,2
9284683425,91670,3
9774193601,451933,1
7496826261,219598,3
1058749075,677169,1
7128038799,961614,1
3596318350,700048,2
3187042843,378230,2
4673500573,70969,1
881900445,328457,3
9874112459,739448,2
4531430634,952168,1
6715699166,107548,2
4171748538,652118,3
4093115982,444361,3
2515279840,461804,1
4981424948,679865,1
1911064507,500633,2
6438392384,654623,1
5859840400,552883,3
7640576778,305754,3
5453475937,131748,1
653610300,684939,1
730299055,679321,1
8396250231,721521,2
8556969682,532965,1
7159670875,684939,3
4922278509,644847,2
8151274002,34186,2
5373978100,433521,3
6210207010,859361,1
1837403174,14145,3
1148265823,542300,3
8472487149,837480,2
9111535172,784673,1
6558001978,478531,3
2762095386,623234,2
2406325099,734789,3
4274182127,798639,2
7271609994,425341,3
9182539734,557908,3
7891517071,56589,1
3666182849,51036,1
8724590445,741341,1
7919863938,945635,3
3545539999,287070,1
7463392603,812607,3
7296733293,615545,3
7118924734,552496,2
2529809156,513199,1
2216699744,807452,2
8257221712,677542,2
1357352531,799952,2
2108138590,602241,2
5648212121,41853,1
3951878528,949818,1
8310385249,39154,1
7513562596,144124,1
6304586678,679321,3
5222812863,451812,1
5393039591,378230,1
6708586922,799952,3
3177552965,328457,2
607125614,661577,3
139417019,992178,1
1893231742,913428,2
3580010065,89084,3
962319394,876139,1
8321726382,970529,2
1485682761,70969,3
5008756947,36412,1
1334996274,771228,3
2914506024,274207,1
8811831663,136533,3
875427533,669378,3
5865390748,700048,3
4054828941,77308,1
1257568604,839170,1
2738862626,34200,1
7352532839,313754,3
520221662,57405,1
7818925535,848226,1
3476023750,925482,1
8945838922,114414,3
2233053313,222892,2
1844073851,799688,2
8348125769,707935,3
8475818223,721521,2
4270941188,34200,1
2611200126,679865,1
8573833987,654297,3
2979246068,361361,3
6779895105,112390,3
1731478314,6405,2
3692405872,661577,3
8853713324,799688,2
979766779,784673,3
5709672475,91670,2
3855709201,820973,3
6861065282,832348,3
7919724613,112390,1
7882742057,365133,1
1929002406,516376,3
2458349464,187399,2
6608328221,313754,1
7736615348,397973,3
2591738507,171602,2
6751537971,903336,3
9768154003,11422,2
5887288860,146840,3
3559865135,365132,3
209044447,757274,2
9643668734,747801,2
6115465612,767398,3
8493723088,803607,1
6392024503,451812,2
9863468109,256051,3
5448628635,837480,3
3329455953,34200,2
3584190892,26060,3
9097056321,540618,1
525741957,784673,2
5387395051,925482,2
6799246060,803607,3
8986314607,700048,1
1085912198,697683,1
3423328091,679321,2
9848366909,365132,2
936021770,107548,3
8916215165,925482,3
389558867,555121,3
7616883530,306177,3
3851744248,734789,1
4953665655,444361,2
962864152,455083,3
923668833,771228,3
4022122330,26060,3
4564846800,500739,2
690652905,451812,2
716741661,799688,2
6575532281,34200,1
7486807731,803607,3
9721870982,272170,1
8105823343,56589,1
7113554979,53833,1
507373134,847349,2
4674132573,537274,3
487395969,561860,1
3962007460,378676,3
2272882287,487931,2
4426246696,382511,2
1714709914,256783,2
3159133564,237083,2
4531739740,552496,1
3158981349,859361,1
1789010378,500633,3
705203916,89084,1
7255510932,94225,1
1991167685,237083,2
5103721089,34186,3
9674006557,317242,3
1073466441,681063,3
5407006470,70969,2
747347782,15314,3
8554063149,684939,3
4855215470,487065,3
5008998072,993331,1
9696466906,118820,2
7189534591,951463,1
9965941354,707935,1
1275232752,747801,1
343479370,566052,1
2485933387,890232,1
6735843326,992178,1
6384313098,644847,1
1022032613,903336,1
8026892264,487931,3
7158825499,952124,2
5327013494,901144,2
1002526452,444361,2
4650525854,317242,2
6260291784,697683,1
1884314278,264803,2
7074219396,760828,3
807183459,684939,3
598539940,876139,1
427702490,120385,1
955844536,784673,3
5397640599,89084,1
3451246886,451812,2
8487733248,378287,3
2921621434,532965,3
4757133884,812607,3
1793847102,131748,3
6197760573,799952,3
6818660907,298985,2
7807587130,962591,2
4540563647,222892,2
2480913332,876139,1
5735481292,945635,3
7112326373,690565,3
614274161,604184,3
5512258335,687218,2
1214757247,53833,3
4211686231,94225,2
5288088590,951463,2
1193525681,186168,1
5132095929,487931,2
7703144556,196719,2
6786199145,589812,3
2463627380,623234,3
6331115638,298985,1
9212312136,952124,3
6788500162,677169,1
2166421384,41853,1
2744509800,378676,2
8806260669,611575,1
7773287963,942001,1
8153845667,449106,2
8345887091,667163,2
6638429050,799688,2
4132900691,837480,2
2119346062,222892,1
689310626,952124,2
9246993674,490602,2
2282234185,734789,1
9697170386,992178,2
6376147802,799952,1
7415158732,433521,1
343300311,962591,2
3922539531,647462,1
7634516705,154179,1
8731122718,847349,3
9471236505,669378,3
9497014025,492958,3
592358946,378676,3
9680783354,41853,3
6109792602,723678,3
2734817654,365132,3
6380542008,961614,2
4784760589,820973,3
1577703194,647462,1
6758737749,186168,2
4081640450,136533,2
9258266990,492958,1
2109410707,91670,3
576022547,243235,2
2106943908,133542,1
6541281594,26060,1
2664220988,183929,3
493514666,542300,2
9658669384,658389,2
8765283513,449106,3
6421427812,51036,2
4467093205,739448,3
7560862152,328457,3
8218080678,365133,1
8196173573,481843,3
1174856327,654623,2
9754365788,949818,3
8398774908,256051,1
626433439,913428,1
3097299525,257719,3
5367488413,592784,3
3700795655,153019,3
3161904185,654623,2
8149944548,968887,2
4961830447,144124,3
613578154,287070,3
2582466700,444361,2
3840910839,592784,1
399559401,658389,2
4037817241,561860,3
582598096,689769,2
9218060399,949818,3
6650174202,833557,2
2715902884,672059,3
7957986242,41853,2
7148568995,397973,3
670358911,124290,2
6098277214,11422,2
4621664126,491314,3
6336460663,820541,3
909027635,444361,3
2854202683,51036,3
7936387697,992178,3
8337736091,613942,1
4404350734,298985,2
6565246127,803607,2
3494650073,642612,2
1920923798,451812,3
5069524975,913428,3
3873368520,812607,2
3111414152,587645,1
7104489974,53833,1
3211566084,621677,1
2416717644,183929,3
4535670244,890232,2
7309958460,961614,1
9996182478,592784,3
2231942521,659290,2
554028972,734789,2
8756001290,726958,1
8047899303,684939,2
9720683332,542300,3
218670241,131748,1
1382880255,820541,2
332975964,490602,1
2638683222,652118,2
9150146711,734789,2
1553626879,602241,3
9271384187,186168,2
1409544327,677542,3
637100019,677169,1
186083059,337168,3
1804073530,661577,1
5291430311,894539,2
6947225582,34200,3
5710643134,712307,3
8329733630,36412,2
6772651293,818522,2
581212790,219598,2
4766571706,131748,3
9961298199,336847,1
8102675591,679865,1
604050223,818990,1
782327552,52729,2
6156638188,525531,1
6475299855,567671,1
689110145,378676,3
2785467351,587645,3
7188270379,704868,2
9209192342,799952,3
3193016310,990993,3
9743228131,131748,3
4417542973,131937,2
3065857200,222892,1
6994732191,94225,2
7663189769,937542,2
5012619147,287070,1
7456088789,799952,1
3270559373,382511,1
4703798183,557908,3
3968840556,818522,3
2331647373,832348,1
6683347454,847349,2
5710259220,222892,1
9871546057,894539,1
5459704311,77308,1
3426702134,542300,3
7671357353,256051,1
9656230693,604184,3
3315369956,33955,3
1762287720,851978,3
4816206081,667163,2
2808133351,94225,1
3444569396,237083,3
9704671447,306177,2
6454001692,319388,1
2624508626,70969,3
932273820,513199,3
7908614088,600767,3
9730765358,654623,2
4748284156,118820,1
1829286278,6405,2
3180415318,697683,1
1008158736,721521,1
5092816701,337168,3
4339850858,914071,1
1564040362,217710,1
4856827800,398340,1
2465711187,513199,2
7741314063,26060,2
6973696848,965755,3
443178123,587645,1
2155491764,194682,2
282887897,491521,3
1014190951,913428,2
4632027192,298985,2
9196809062,222892,2
3802671506,876139,2
931138604,378676,2
6507222211,131136,2
9091185978,552883,2
6314310505,615545,2
2711467206,124290,1
1359318731,120532,1
4521042050,57405,2
1317016672,818522,3
7624598493,661577,1
1753431230,222892,2
8650539199,194682,1
3276478503,329351,3
5080943123,15314,1
6158083683,832348,3
9228072842,883013,1
4028432722,951463,3
3679730192,707935,1
71793937,94225,1
47467466,120385,1
4538136436,726958,2
8750169461,373536,2
9371021811,753354,3
679274212,721521,2
6601671674,500739,2
2708441500,14145,1
9548480220,799688,1
5440864021,324809,3
5705224767,604184,2
9945458771,63769,3
336832815,647462,3
9543126726,600767,3
5134666123,942001,1
5663657880,859361,1
5352647396,606256,3
7995172779,913428,2
605779703,888807,1
685688121,337168,3
5966726971,26060,2
6763510083,11422,1
6735813139,171602,3
8361205778,820973,2
3640952655,954722,2
6395279829,833557,2
339410846,760684,1
8924056486,820973,2
6616322616,927651,1
4178578583,291238,1
7558107764,692985,3
7894708851,455755,3
1916638346,9436,2
4973943462,704868,3
6567129123,891833,1
8702642032,107548,1
7857954356,903336,3
5376218500,644847,2
3452449295,555121,2
1694826296,709916,1
9449954611,63769,1
7722059222,888807,1
2871448124,798639,2
4158839033,4452,1
9936118648,961614,1
6804747901,848226,2
7579444448,500633,3
4379043082,587420,2
4212894712,883013,1
7962511808,687218,1
6478815087,67197,3
6239166986,679865,3
9894863460,945635,1
2982638677,706112,2
3284797515,925482,3
8895501673,82484,1
914992221,194682,3
2067729457,679321,3
5389250154,481843,2
4352973016,883013,3
7667555396,365133,1
168804744,925482,1
854218304,863930,2
2616618240,171602,3
8891144024,492958,1
4606856320,217710,2
1876194333,540618,2
1471186096,455083,2
4763556417,18035,3
5961097387,992178,2
1509646137,481843,3
7533431274,63769,3
3598818329,196719,2
2561337790,853932,3
2359692348,284460,3
3146098826,513199,3
8638050442,689769,3
1833854180,992178,2
5687148136,859361,2
7133253616,654297,1
7899569162,500633,1
6119637917,903336,3
4924477011,500633,3
577458306,863930,1
1605287230,871592,2
5743074720,589812,2
1645477578,473929,3
6231311270,965755,1
4629648516,689769,2
2706229594,36412,3
6814009039,291238,2
5604135912,757274,2
766789724,709916,1
2727595593,739534,1
9887978407,968887,2
6825742544,365132,2
7081192087,847349,2
3185620074,305754,1
7162086351,962591,1
5504768409,39154,3
6721093047,473929,3
1134990529,704868,2
4632975114,287070,2
1471897083,228286,2
6081974624,621677,1
806680874,739534,2
8213018419,689769,3
4610876894,654297,1
9116180240,890623,1
8916648395,952168,3
3626990751,171602,2
2544173358,487931,3
3654075570,94225,1
9846277624,677169,2
8600159148,799459,3
9184012674,171602,3
5842678913,962054,1
6284066457,51036,3
957188879,561860,1
2027766693,969851,1
5201172375,621677,2
5211206337,679865,2
519985157,91670,1
2599819074,378230,3
6564176767,146840,3
5969684091,771228,2
8152246475,478531,1
1954493018,820973,3
3695589383,41853,2
6340807810,673058,3
8029845822,435929,3
8208755570,487931,3
9622488249,837480,1
5410788959,853932,3
7087374685,677542,3
1469556300,951463,3
864290652,473647,3
3052167498,659290,2
8370088792,491521,1
8955500595,925482,1
6946637946,540618,2
5461546808,673058,1
9921425481,700048,3
3583323379,690565,1
3427534518,77308,1
9997994965,461804,2
5015358514,891833,1
5769065545,376447,3
4062815570,492958,1
39405769,880510,2
9553518696,336847,3
8023712979,328457,2
1111747100,677169,1
3598180305,492958,1
8171660349,118820,3
3644704128,186168,1
1254907139,183929,1
9810593187,942001,3
3205629870,552883,1
8608459871,39154,3
2730458449,425341,1
2807397566,669378,2
7217535512,954722,3
3321951407,901144,2
7189146676,18035,2
5601251774,602241,2
8884350133,851978,1
8168306307,557908,2
7689275881,564692,1
6593510732,741341,1
3066405445,883013,3
5319633841,137909,2
1113665104,82484,3
8436983782,376447,3
1958942711,669378,2
6485627928,257719,2
8147959428,712307,2
3697060283,949818,2
2039437258,992178,2
7655293952,337168,1
39791095,700048,3
8071046067,26060,2
2656326203,613942,1
2366866840,52729,1
8227348656,487931,1
3917024194,927651,1
3101265,300159,1
9907835880,432617,3
3396210655,700048,3
3000018472,70969,2
7166339556,667163,1
2194351161,561860,3
3224986973,876139,3
6882280967,305754,2
8556188247,721521,3
5236345617,613942,1
5153146875,677169,1
2011151353,525531,3
9880145668,433521,3
2724264210,990993,3
871734663,4452,1
3883638432,89084,1
1282422181,478531,1
4500802008,228286,3
8209715885,807452,2
9391482926,490602,3
7217765772,672059,1
7848556658,36412,3
9000851345,623234,3
3019634875,118820,1
7013612817,237083,2
59461109,991434,3
740245864,901144,2
8432648823,26060,2
5863164527,433521,1
8615999186,6405,2
1743268828,9436,1
5475369740,133542,2
6520584496,820973,3
3854394048,300159,2
4105779656,243235,3
5960266785,760684,3
7380998329,621677,3
460625201,131748,1
5442705208,739534,2
643302284,726958,3
6141016209,451812,2
4058658914,937542,3
4731454539,140154,3
148408710,448752,2
3263142674,969851,1
9591201821,146840,3
2227944524,914071,1
2307375554,328457,1
8521887524,131937,3
3298709387,604184,1
8608686211,336847,3
5125482761,118820,3
7388146343,721521,2
7064723322,257719,3
1766291529,799459,3
8183491568,684939,1
6419111681,784673,1
9193945481,991434,3
3937750618,41853,3
2056682923,654297,1
7229998672,970529,3
7028582657,487931,1
1732091066,851978,1
9389363975,679865,2
9477050930,187399,1
6808771388,264803,3
7616458551,67197,1
2784959025,962054,3
2716611235,9436,1
3797871396,140154,1
5895445193,897083,2
5281640953,611575,3
9006387145,968887,3
2015702046,219598,3
9260334793,992178,3
5912752928,833557,1
7691723645,455755,2
9166904790,194682,3
1668797251,133542,2
3350348511,726958,2
2475154947,317242,3
1348544692,587420,3
6770208707,228286,1
9500356395,284460,1
6280233997,118820,2
935645101,677169,1
3492077995,863930,3
6971044672,120532,2
9417710958,70969,1
114851727,11422,1
7521503340,642612,2
7709878408,555121,1
7941755463,851978,1
4540271027,257719,1
8022168472,67197,1
3808358945,257719,2
5112444865,747801,3
9965551056,123983,2
7695708103,487065,3
7022728237,455083,1
2062715135,661577,2
3287815959,34186,1
9015471552,679865,2
1595123446,137909,2
4888577440,697683,2
9039053330,94225,3
3091360904,799459,1
6821938492,256051,3
4553785640,818990,2
4005611015,613942,3
8480910658,871592,3
1922667245,378287,3
379758677,171602,2
4903380842,317242,3
9244122658,26060,3
5054410467,60619,2
9877212995,739534,3
8375236356,890232,1
2652063230,604184,3
7258243894,473929,3
5980648426,373536,2
365104159,771228,2
7038005775,284460,1
1456792223,33797,2
6673964264,133542,1
5780280518,883013,1
6220137166,11422,1
2615887425,784827,3
5610987488,611575,2
6038240765,51036,2
5004974422,567671,1
2349863203,726958,3
9487956261,4452,1
7169945062,376447,3
5393866026,256051,2
7266772806,137909,1
2411227007,337168,1
960728650,187399,3
2326500581,123983,2
9489310879,891833,3
2341242955,171602,1
1023485121,94225,3
9742218709,891833,2
9039933820,317242,3
1391881327,123983,3
3360648053,131136,1
9758418980,949818,2
9859459525,667163,2
6924226309,604184,2
7672052920,228286,3
4597359399,552496,3
665402174,894539,2
3986082657,604184,1
4275746826,120532,3
525864604,6405,3
4473658819,432617,2
8824559505,578097,3
1824646473,378287,3
776389097,243235,1
4908634706,839170,3
3516204561,677169,2
9510792757,937542,1
3504903228,256783,1
3438202422,602241,2
3007616042,451933,2
4656199468,373536,3
6994560237,366066,2
8442552565,385113,1
414299117,470449,3
8146956033,490602,2
7919748594,481843,1
7834171020,687218,2
3735968672,767398,3
3864051985,490939,1
8299074079,600767,1
891333736,552496,1
2874220576,146840,2
6375536946,937542,3
1966054573,552883,1
1565942558,272170,2
4624281313,490939,2
6884010758,818990,2
4351744653,851978,1
8698000932,690565,2
3844380421,131937,3
7105842598,897083,1
8993722297,952124,2
2929439019,654623,1
1661854320,382511,2
3082165628,621677,3
1745045814,677169,1
813387880,897083,1
8189879400,491521,1
8465045467,136533,3
9232350528,67197,2
1728666371,131748,1
6131815766,564692,2
6438773635,965755,2
6912676966,26060,1
2840314717,679321,3
9508359721,679865,2
2244679313,557908,3
9407544177,34200,1
2528398796,552496,3
9464988762,33955,3
6373867899,36412,2
4028185110,367391,1
9717018638,613942,3
4898477588,287070,2
4723165081,461804,3
2845954128,237083,2
23158044,669378,1
1486548042,222892,3
708351411,659290,2
5512110908,654623,2
2295441899,820973,3
4867173151,287070,2
4635037652,256783,3
2209259378,305754,1
4079286483,487065,2
9506078962,114414,2
6894691072,606256,2
4481256065,937542,2
5050919809,760828,1
1328085383,131937,2
5382246981,897083,2
5647827263,264803,2
9244268951,712003,1
6217777735,305754,2
3682639473,654297,1
3859331666,677542,1
7971689217,642612,3
6822492679,767398,3
7211194993,734789,2
461485679,723678,1
3209732414,264803,1
6537694730,930284,3
7653097776,487065,1
4928556641,589812,2
5905518100,604184,1
8337948336,687218,2
8814435884,256783,1
6645415772,704868,2
5274039950,41853,1
7404052550,33955,3
8179058864,222892,1
5195997912,951463,2
3320194259,734789,1
8185684967,784673,2
2324568019,313754,2
3522645150,513199,2
4510488834,63769,1
9433427403,623234,2
8065436106,490602,1
846586265,585299,1
4337013612,739534,2
8916023990,34186,2
6018805430,440875,1
2676353168,327290,3
1069724600,890623,3
5503476312,604184,3
4439677910,961614,2
8045361592,602241,1
1873731593,647462,2
1126011099,714999,2
4100626744,760684,3
8616880376,859361,2
1427911940,451933,3
4416398885,863930,1
2584579895,953175,1
7770651576,114414,3
3705985582,473647,3
5160295213,186168,3
4374285559,820541,3
9096638812,240179,3
2888179397,818522,3
3387165389,146840,3
1925647539,397973,1
6160848562,397973,2
2343495895,552496,3
8812220964,659290,2
8640364495,398340,3
4610687284,723678,1
189431942,51036,3
1746826454,798639,2
948345459,993331,1
9959881029,654623,2
621213006,739448,3
1772464528,954722,1
7732863862,194682,2
3064828239,689769,1
6363526452,965755,3
6988011282,807452,1
8523250818,799459,2
5595210484,60619,3
1461081366,33955,1
4922364507,313754,3
6597871211,478531,3
2719816862,876139,3
9830788650,587645,1
140980199,492958,2
7595842583,555121,1
2390228992,328457,2
8178738469,140154,3
9964671001,256051,1
1258689954,623234,3
4647158015,990993,3
2382974038,461804,1
3663827875,604184,3
6501113916,871592,3
3300719369,739534,1
3239722852,39154,3
6694899030,361361,3
992895707,324809,1
8432150432,621677,2
6220520171,764014,2
735608722,784673,3
7303161073,94225,1
9783380107,243235,3
3835886077,839170,2
8140652447,585299,1
6412390967,196719,2
6688575911,848226,1
3890111511,305754,3
5145256852,888807,3
7375057413,237083,1
3047491006,14145,1
7715738110,820973,1
6191554160,154179,3
896919031,378230,3
1535818185,803607,1
4428830794,131748,1
3610035622,561860,3
8674445072,891833,3
9623704312,425341,3
7786002894,237083,1
3264409553,336847,2
7736534043,14145,3
5936596117,952124,1
1980087245,306177,3
8861557989,398340,3
6702391437,256051,2
6385452188,564692,3
8813216380,876139,3
5563712992,354409,2
966468552,949818,2
4368529506,461804,2
3777009463,491314,1
3560912801,894539,3
1741224538,306177,2
4579251445,131136,2
3438127101,287070,1
9741958794,903336,3
882082341,470449,3
3629321763,757274,3
888938572,240179,2
5263181887,264803,1
7071557807,667163,3
6888804296,542300,2
814182718,930284,3
3513524740,373536,1
1234169434,378230,1
2577990012,500633,2
8446065263,153019,3
4220970302,812607,2
5712516128,228286,3
807167715,14145,1
213972345,927651,3
1013762407,552496,1
5234194751,94225,1
1389077693,319388,3
1895143216,621677,1
3667250123,324809,3
6430529802,709916,2
4856277700,592784,2
1492403962,4452,1
4348167632,140154,2
3682471195,953175,2
6888837939,274207,3
2278004109,954722,1
7471013149,398340,2
755745232,871592,3
2963187161,799688,2
3980591844,566052,3
9960808976,123983,2
8740552000,876139,1
9230099449,969851,2
4277432248,337168,2
3624765984,689769,2
8533110341,880510,3
5036664068,952168,3
9989636336,762527,1
2843642858,615545,1
7510849424,140154,2
8744806310,491521,3
7605774154,33955,1
6904233594,771228,2
6371336060,820973,2
8137624530,462526,2
9131474241,367391,1
7413772322,14145,2
9400852015,952124,1
4867437863,677542,1
4219458877,812607,1
35135941,306177,1
4754258275,14145,1
9195687538,897083,2
344554037,140154,3
7503255456,140489,3
5903638531,613942,1
1670694517,704868,3
2369121788,444361,1
6012082951,34186,2
3675914158,329351,1
1396605672,451812,2
4260996213,642612,2
4749534376,566052,1
6095091385,123983,2
1131338162,451933,2
6100236720,274207,2
3363683548,679284,3
8721540965,328457,2
1712456261,669378,1
760930025,969851,1
5652465358,712307,1
3580915899,51036,1
1174382816,284460,2
3200474667,60619,3
7474651061,712003,1
1892282465,67197,3
3859828998,287070,1
2554590672,306177,3
9667675052,77308,2
8382437838,848226,2
6247090607,298985,2
5004073261,451933,1
6595898122,901144,1
9844371682,799688,1
7198169379,726958,1
2815855636,883013,1
6033660622,658389,3
7944056454,853932,1
4354264440,667163,2
5623096090,237083,1
701856661,681063,2
1911276445,264803,1
9323909987,398340,1
1988898073,942001,1
6457671753,382511,1
3556497272,880510,3
2182762247,291238,2
6026842782,397973,2
1227108607,525531,1
9362226645,131937,2
6313785973,564692,3
1297253359,63769,1
6138091203,376447,2
4770739350,425341,3
6253838449,448752,1
1015708455,444361,3
2201201842,137909,1
200000051,552496,1
409570377,712307,1
5944464513,913428,3
7064377287,564692,3
7763036477,953175,3
7494002152,228286,3
692127479,739534,2
7544245121,689769,1
4429641190,669378,2
8093366865,53833,1
6269075067,89084,3
4056304110,516376,2
4447978623,481843,1
5875285677,953175,3
4177774653,120385,1
502632296,525531,2
5037688536,9436,3
6844277478,376447,1
3368317718,39154,1
913881994,993331,2
6445700839,951463,2
101613683,784827,2
7094586913,564692,2
2478557609,968887,3
9516720368,839170,1
3808010352,448752,2
7921886899,673058,1
6818712547,367391,2
4538204462,490602,3
2008331630,451933,2
3901338038,89084,2
1483786406,555121,2
5022936426,532965,1
5470875365,992178,2
7144611408,490939,3
9411421675,56589,1
7315949343,112390,1
9430475133,798639,2
3062145702,448752,2
6500458984,859361,1
7429306851,712003,3
2687236003,4452,2
1885906938,672059,1
9949334146,704868,1
2555454584,470449,3
2503209946,661577,1
2329563439,186168,3
1041536174,89084,1
6631188689,63769,2
9300178512,818522,2
1086881691,621677,3
8008880980,589812,3
2417680703,687218,3
1117730990,820973,1
1678557345,329351,1
4505129824,382511,2
8737295686,490602,3
7997347191,803607,3
1930645698,140489,3
5393373590,112390,2
5851854765,587645,2
3765179520,373536,1
683969424,540618,3
8459624382,602241,3
7110044004,298985,1
4302375314,942001,2
1245307588,669378,2
3876260101,451933,1
3162263618,94225,3
655792395,798639,1
7624743284,257719,3
4783962671,272170,1
7166787473,425341,2
9395228070,52729,2
902157975,440875,1
6947741744,272170,2
4788498083,451812,2
8070127087,120532,2
5191429552,734789,3
5220651138,448752,2
2758734705,563740,3
2907887532,937542,1
7388846009,561860,2
2606843929,354409,1
5637567433,513199,2
8838095431,592784,1
1564649286,425341,3
4098166849,771228,2
8091143423,611575,3
3024045336,600767,2
6152984028,153019,2
3450790653,803607,3
8028917900,491521,1
7781884407,196719,3
3483689828,9436,2
8341286014,767398,3
7936106887,367391,2
2247354978,589812,2
5347701114,337168,2
7846068436,914071,3
9893439302,14145,2
4160816433,34186,2
6000890622,33955,3
7317676958,667163,1
8620144614,123983,2
3940758882,136533,2
5216555041,914071,1
5144793312,937542,1
7241413847,684939,3
3567610983,337168,2
16878685,432617,2
951657166,679321,3
4189022307,968887,1
7378521428,833557,3
6266311709,644847,3
7985347262,15314,2
992764262,324809,3
3080291353,888807,2
5532188237,131136,1
6814658453,661577,2
4861499558,615545,3
2521042570,516376,3
5217781278,34200,3
8006034379,807452,1
7380913411,723678,2
7706841114,461804,3
1561779937,367391,1
7196559586,77308,2
2359961993,500633,2
243819964,880510,3
4806735178,677169,2
9198762300,131937,2
1105231941,585299,1
5533955218,552496,2
5130246751,33797,1
4528445001,689769,2
9503959018,473929,1
4107052604,306177,2
5578822558,298985,3
5506634472,894539,1
4112426763,41853,1
7157334145,18035,3
8423458672,491521,1
3011683470,712307,1
1884947290,455083,2
558163882,585299,2
824869105,376447,2
4193492511,51036,2
120996684,690565,2
2531932780,726958,3
8095547865,89084,2
6894204435,992178,3
9514917126,425341,2
9329665908,140154,2
1435406360,723678,3
3460843508,883013,3
4762084133,433521,3
3884862300,712003,1
1990946411,237083,1
5054937065,552496,2
9431652023,63769,1
2268736598,243235,1
2793638565,120532,2
4168839407,487065,2
7406514357,611575,2
6087916798,557908,3
4319962076,644847,2
3904134741,120385,1
3770123374,753354,1
4494390731,714999,1
6109777696,378230,3
1401372388,679321,3
4283973398,361361,2
3261847147,455755,1
3153811191,739534,3
2639216409,120532,3
5948575331,487931,2
7792925364,968887,1
7286478750,871592,2
9776505630,672059,3
4527342708,57405,2
1124359689,799952,1
3717458742,56589,2
283675535,53833,3
6039353394,692985,1
6735917931,264803,1
5155256671,679865,2
3984108726,832348,3
2491374111,762527,2
2043371805,784673,3
9657782153,89084,3
9237289778,219598,1
8917116859,34186,1
720578658,382511,2
9122210530,567671,3
3540524256,349294,2
1909520255,361361,3
8022279737,784827,1
7381549355,4452,2
3998829973,491521,1
2895464675,589812,2
3971098657,818990,3
5278249111,951463,2
9810576443,681063,2
4128844410,741341,2
6103869123,589812,3
6595041423,183929,2
3991011923,726958,1
5275440923,969851,3
6468633344,15314,2
9992859795,196719,2
7518488485,140489,3
9746950023,952168,3
2721433550,217710,2
6131680348,123983,1
2281544500,217710,1
4283802879,305754,1
8621732366,256051,1
3797679856,118820,2
8532100929,726958,3
2973976544,39154,1
814260962,15314,1
9411848231,183929,2
6637284724,721521,2
6497594124,487065,1
7213146086,287070,2
5110274761,373536,1
1112110363,566052,1
1209202931,219598,2
6384745391,39154,3
3367452972,611575,1
2317597587,894539,3
2254884198,970529,2
679196318,799952,3
2185319815,433521,1
5965281449,39154,1
8616726869,217710,2
4786027510,33955,3
4910445344,444361,2
7629577899,613942,1
4769055037,82484,2
8476029654,734789,2
7809866112,491521,1
5453896364,803607,2
9080432189,140489,2
3079758919,451933,1
4076039325,832348,1
9239241275,880510,3
4864829217,136533,2
5108704843,57405,2
8049805410,378287,3
4711642504,349294,2
8952094523,654623,2
4285784267,36412,3
7494670835,970529,2
7667090453,448752,1
2193572534,378287,1
5357089776,490939,3
1191016829,435929,3
549484032,903336,2
8164076900,991434,2
7136165651,336847,3
5368349643,487931,3
6965901435,94225,3
6687307827,706112,2
475294138,63769,2
9047534059,673058,3
2807487047,992178,3
5840148195,613942,2
3758135932,306177,3
1978476136,500633,2
423648434,863930,2
7201868330,256783,3
9710106935,587420,1
4432235479,243235,1
6951956244,473929,2
378485826,555121,1
8982211913,992178,1
6487868576,726958,3
2973502797,51036,2
4105022903,726958,3
3668828731,34200,1
8644734267,659290,1
3757871565,847349,2
5770510806,306177,3
4514836077,739448,2
5927852227,51036,2
350719542,555121,2
868288823,962591,3
7199670826,491521,1
3091948113,336847,2
5793742966,361361,3
7347109009,992178,2
7078912146,837480,3
2480856222,107548,1
281421547,760684,2
5226963306,564692,2
7316642056,684939,3
8997415290,883013,2
6737025662,848226,1
8395290763,291238,1
7261119579,690565,1
9938037878,298985,3
7154987905,871592,1
3605534244,373536,2
5626601040,53833,2
2577064886,478531,1
2561362173,243235,2
2793120553,397973,1
4476563699,153019,2
1580021952,327290,3
7263454149,739534,3
4371924002,537274,2
2955277471,120532,2
9445490338,94225,3
2668915104,690565,1
1045621584,669378,3
4550545705,136533,3
3373390154,240179,2
5142985961,644847,3
649220272,883013,2
5023958886,337168,1
9993542681,880510,1
4380367305,952168,1
3626113485,863930,2
4399099668,354409,1
3760880745,723678,1
1803155516,378287,2
4413782983,799459,3
6766424456,721521,1
8701531535,219598,3
3961971562,707935,2
1337510774,848226,1
8859147707,123983,1
5850669672,611575,2
1183906926,706112,2
6277509652,942001,3
72748189,36412,3
3164922639,537274,3
1768504415,762527,3
8173155169,140489,1
6164820061,237083,2
768283559,771228,3
5091744424,328457,1
932482893,481843,1
4588148640,136533,3
8120457107,365133,2
6107471725,859361,1
7001417958,714999,2
7983443604,124290,3
3057907418,757274,2
3312147996,890232,3
6822269883,901144,3
5004539711,451933,1
2426015858,487931,3
4415332793,114414,1
1256813796,589812,3
633633688,490939,2
8311814996,112390,3
1441735184,365132,3
1525742840,324809,3
1947080315,883013,2
5682081545,847349,3
8100817128,623234,1
6051792089,767398,2
1158173915,451812,2
266072469,432617,3
2529883737,760828,2
9090089969,552883,1
7102272749,592784,1
4948925080,328457,2
9463013186,654297,3
5581013292,578097,1
7009619835,67197,2
9177283950,124290,3
9359187866,833557,2
1524480475,930284,1
3829990099,435929,3
1058609445,120532,2
1022764286,942001,1
1913299658,324809,1
5305443623,930284,1
4074369199,642612,3
9966404015,378230,2
3192917514,667163,3
1256718210,542300,2
6067839426,654297,3
2254923956,647462,1
7367673526,587645,3
9467422683,659290,3
819853692,709916,3
3070834475,435929,3
3620552357,679865,1
5938542755,329351,1
9315535975,697683,3
3547873471,880510,1
6546999829,120532,2
9039495201,677169,3
99708985,760684,2
6312811061,689769,2
3915885220,14145,1
6654736751,853932,1
841915361,26060,2
2543233800,833557,2
5271947935,77308,1
6339554317,319388,3
1840475676,367391,1
6812031667,613942,1
3031698482,563740,2
7902025520,378676,1
1969446314,883013,2
9949497098,566052,1
4572338018,256783,2
2964153358,4452,1
7642038633,41853,3
8208980848,26060,2
3343789681,837480,1
9478305481,153019,2
3475260976,642612,1
3665443705,585299,2
673592541,952168,2
8074949320,328457,3
8056021378,240179,3
2331582000,747801,1
5844776722,305754,3
8426465860,542300,2
9057555029,757274,2
2210486526,397973,1
6421432903,993331,2
3562901354,298985,2
8194268842,455083,1
7524467684,925482,2
1254195766,690565,2
6476646153,880510,1
8278568103,478531,3
8589621333,839170,1
8531683720,34200,2
327291657,317242,1
6159164139,563740,1
8029863164,376447,3
9387824629,367391,3
3289836195,942001,2
5001931575,449106,1
7258292820,540618,2
4924862857,961614,2
8666314034,962591,1
6775326324,592784,3
6092636899,739534,2
4115558056,39154,2
2352136184,328457,1
1706445141,146840,1
9000165912,60619,2
7457305850,300159,2
9685973820,654623,1
168067196,563740,1
6105240201,432617,3
1888247163,709916,2
7145162326,859361,3
7611231659,272170,2
4508784747,120385,3
2567590825,112390,1
9255982861,540618,3
4102063254,525531,1
7373931740,51036,2
5682816404,140489,2
544018743,611575,1
3292929952,378230,2
9144790321,140154,2
9075991438,444361,3
3634813810,9436,3
8250406975,473647,3
5877618756,969851,3
2419292139,328457,1
9547123332,901144,3
6968636396,324809,3
5247557644,473647,1
7731193394,891833,2
6048321120,925482,3
8494582006,51036,3
5600781757,112390,3
495091707,378287,1
3239613823,647462,1
3643352219,120532,3
2051599638,4452,2
3514859549,274207,2
3907599008,658389,2
1534993603,537274,1
8980701254,219598,2
6695408903,34200,1
3268455899,784827,1
7809161755,449106,1
8873697539,378287,2
8603941640,818522,1
8308184279,799459,1
7572826287,839170,2
7478396641,555121,1
3569283921,183929,3
9947619677,689769,2
5396237918,901144,1
455878765,194682,3
2079195080,444361,3
6104211214,913428,3
9442939134,723678,1
3317293496,187399,3
8243326501,968887,1
4109483569,669378,3
5390352336,847349,1
2581584982,953175,2
1668737869,183929,1
5046906329,36412,2
2536833157,654623,1
9176170352,954722,3
833930925,18035,3
8515226099,679865,3
2023020278,433521,1
2840526544,15314,1
7267422945,762527,1
9400777426,473929,3
3298603544,462526,2
4479973293,962054,3
356236208,365133,1
6699845542,700048,1
3106057977,287070,2
1905367587,799459,1
169590729,897083,1
9820743709,435929,2
6605882211,462526,2
9517765444,847349,3
7766311749,228286,2
742238239,153019,1
3146141485,385113,2
6633702824,53833,1
5033749011,672059,1
4009496217,692985,1
4284473821,677542,2
8860588793,378287,1
5305428485,890232,3
676278878,120532,2
9459854097,398340,3
3895596621,681063,1
7750915110,585299,3
5173951989,968887,3
6388954643,600767,3
5819387689,942001,3
4184037584,901144,3
9525140554,153019,3
1617927874,365132,1
1543944105,818990,3
341580530,706112,2
5133661902,937542,1
4557328309,690565,2
4479421205,890232,3
5740294639,799688,2
8114060961,803607,3
5744553133,373536,1
5029893308,771228,2
9663384689,739534,1
7919240958,799459,2
5211751826,15314,2
8713129069,470449,2
1407304162,969851,3
3793875046,589812,2
4903700958,131136,1
1989547877,398340,3
9584857115,361361,3
7236760938,712307,3
4346903287,444361,2
6353755071,319388,1
89194627,897083,3
544919267,540618,2
6665075012,433521,3
4461389660,739448,1
8789328634,196719,2
147066568,832348,2
6712947216,432617,1
4731158560,11422,2
6228958238,623234,2
8006440384,490602,2
7330672658,604184,3
1766200974,33955,1
2878422829,378676,2
5862535621,642612,3
3781134163,491521,2
7835720444,451812,1
1952343673,721521,3
9406096007,692985,2
1136528533,382511,2
9137126466,820973,1
1495517558,914071,2
1643011737,677542,3
4067366774,532965,3
1683118802,992178,3
5770514189,487065,3
9612669334,123983,2
3262295808,146840,2
1593291198,52729,2
5327721432,490939,2
4879497185,67197,3
6883107728,820541,3
1643246998,677169,3
913309291,313754,3
8298829689,487065,2
7155488252,587420,3
8316192789,131937,1
3589756658,382511,3
8371900149,542300,2
6659686612,991434,2
2937676500,654623,2
9908301442,673058,1
3325049330,461804,1
2330986566,449106,3
1495975802,747801,2
4207249029,432617,2
1150143976,652118,2
8443390148,859361,1
8358703267,317242,3
1608084881,652118,1
2744486953,741341,1
3036885153,913428,3
7335148205,123983,3
2356580295,336847,3
8999547266,952124,3
3094439783,689769,3
2753579193,120385,1
7683077217,183929,2
2366099898,433521,2
1252810532,186168,1
6493039553,658389,2
9274842886,9436,2
8255275254,26060,1
2136873695,707935,2
3253225736,14145,1
7712604853,712307,1
5698803942,398340,2
4393804577,723678,2
9307961643,697683,3
14103943,228286,1
4183595096,67197,1
9915365099,700048,1
7979108696,274207,3
8756485728,60619,3
4859441294,833557,3
8100291984,764014,2
7825714018,451933,3
1785144322,131748,1
242240959,60619,3
3527621284,382511,2
2254856113,516376,1
4295420935,131748,2
8739415992,433521,2
2123879653,707935,3
1054974834,432617,2
6660596550,144124,2
1633238374,487065,1
8133246330,500633,2
4696656818,784827,1
7590214417,361361,1
1736212920,196719,1
4507702369,4452,3
6458765046,112390,2
47953423,585299,1
1263714922,256051,2
2061768860,154179,1
4264335652,14145,3
3087181728,367391,1
599772156,34200,2
6074313668,552883,3
5497551107,764014,1
9102202025,832348,3
8794436743,329351,3
3299603042,264803,1
243077069,602241,1
6749594412,847349,2
5378344982,146840,1
9103834515,57405,3
6237437720,219598,2
2719670578,228286,3
2748681349,851978,3
9851618724,6405,1
7013533376,818990,1
9727047029,444361,2
1191540022,243235,2
5733572517,491314,1
9647928644,36412,3
9696598689,880510,2
1091207520,771228,3
7995971909,131748,1
6077755741,707935,2
1240745644,942001,2
1397810713,89084,2
5149614189,131937,3
7453349798,36412,1
7570986632,284460,2
5292931220,433521,1
2654499230,257719,1
2327587597,888807,2
5852189277,767398,1
8943211530,487931,3
3305649506,837480,3
538997323,615545,2
2966187610,461804,1
866693541,803607,2
440721658,89084,2
2084323012,871592,3
4876314410,962591,2
2401282648,473647,1
2117291471,440875,3
5455295163,264803,2
3219761206,585299,3
7423918026,131136,2
1793817443,448752,3
2644609220,784673,2
1353492780,274207,3
1230061693,739534,2
6299572675,952124,2
5956863364,890623,1
6788884093,337168,1
6120799223,107548,3
3892854030,365133,1
1883324334,63769,1
4541530278,669378,2
8807380767,490602,1
5865396281,525531,2
340451825,552496,3
3327784606,604184,3
5990129875,490602,3
8808930721,67197,1
8116880443,945635,1
9933926720,56589,2
776562418,566052,1
6105793582,659290,1
9247779866,440875,2
5456672526,969851,3
6676994910,60619,1
9353512235,652118,3
6539196955,914071,3
7886908865,449106,1
7548844176,962591,2
3375735380,432617,1
32604190,812607,3
5731985133,327290,2
7586577278,961614,3
7765930124,552883,3
299059193,567671,2
135053432,500739,1
9618593702,140489,2
2802699236,723678,1
2044567188,194682,2
913489768,451933,3
6856986497,328457,3
7292898570,970529,2
6223087303,784673,2
403352765,537274,1
7004560997,644847,2
8159868515,564692,1
8854320668,123983,3
2285302205,970529,3
5160584867,672059,2
4314105605,953175,3
9895756835,378230,2
1975300826,36412,3
2214666083,435929,2
4735339432,540618,1
9863540120,124290,1
8789376461,903336,2
4784591220,146840,2
6759658833,587645,3
1241631129,820973,1
8803314647,367391,3
1016410657,798639,2
8284240513,39154,3
343239069,455083,3
3941137932,385113,2
8955573840,880510,1
6832435511,739534,3
3014319697,712003,2
7367717333,679321,3
9389677233,891833,3
2929883167,39154,1
9045592834,473647,2
7128308885,673058,2
2060028411,240179,2
3856301920,4452,1
7248479077,306177,2
2738466605,378287,3
9801353230,112390,1
2103613260,449106,2
7624166218,39154,1
4692680597,18035,3
2028074931,673058,3
6247819401,256783,1
6299879620,481843,2
3398014747,604184,2
4526087670,803607,2
4473653758,880510,3
1286821727,771228,3
5566617391,757274,1
6630935939,833557,1
8676443273,144124,1
439562091,753354,3
7361440096,991434,2
2480611325,684939,1
5091640382,741341,3
1443292147,131136,3
3342653518,53833,2
3836073957,455755,2
4192669219,812607,1
6922121165,256783,2
4850653474,398340,1
1229660813,642612,2
5194396051,925482,3
8971899775,186168,1
5619049608,451812,3
9943996342,954722,2
4548721519,876139,1
6211537502,349294,2
347093563,313754,3
1855924568,455755,2
5914484553,969851,3
8068903161,473647,1
2147159735,123983,1
9006983686,305754,3
7606134274,451812,1
4034750827,690565,1
851062565,901144,2
4283323746,642612,1
7842390585,287070,1
2449548943,124290,3
7067924535,679284,2
1602291242,131937,3
7067630786,481843,2
9726762425,137909,3
1129887168,77308,1
3371892236,425341,2
6532953824,473647,1
252964377,240179,2
6270495384,51036,3
2450770184,385113,1
7543192113,114414,1
9890817032,487065,2
183165359,762527,3
2136907826,11422,2
2801605687,681063,3
8869292457,567671,1
5414471648,337168,2
7827370415,448752,3
7216662926,820973,2
349410429,34186,3
8512030806,991434,1
8003807551,354409,1
274320517,153019,2
2150447285,18035,3
5089385450,726958,2
8622799862,679865,1
2773034272,6405,2
4028266143,937542,3
9691888826,57405,1
8891340263,623234,3
1149293318,925482,3
1288695184,264803,2
5229336544,692985,3
196885435,451812,2
6961457996,18035,3
5059907679,723678,3
9046226901,954722,3
515408216,51036,1
9048597167,661577,1
4308216668,990993,2
8671875127,15314,2
9622968817,537274,3
7832599414,490602,1
5533307028,67197,1
752185231,659290,1
5859787209,131136,2
1736713150,661577,1
3620570172,57405,1
5758119413,642612,3
2204489775,679865,2
5881059783,112390,3
9475167773,487931,2
4635228647,131136,2
8394536341,257719,1
4726427550,487065,2
5387935727,532965,3
1886705751,734789,1
4224014067,679865,2
8726515908,34186,2
7388091459,832348,1
9320256091,382511,2
3872093894,18035,2
992848455,435929,2
4458723519,970529,2
7755662096,799952,3
5779793224,537274,3
8253576531,361361,2
4993169316,243235,3
828017545,264803,3
2012368621,991434,1
6603205997,604184,2
833581472,455083,3
8755782101,961614,3
1049830215,349294,2
2399383238,114414,1
143399998,187399,2
2444273306,679284,3
1309618968,487931,3
3972788794,561860,1
2356073413,451812,1
3775683944,741341,3
8994776653,487065,3
8124075720,659290,1
5534171862,611575,1
4825558658,542300,3
1541676341,833557,2
5360755658,647462,2
844328418,799459,3
1843468816,952124,3
3771484570,378287,1
2458783424,820973,3
2272849018,871592,1
8549503132,349294,2
4032847942,264803,2
8224665612,425341,3
8007222259,120532,2
3522030676,365132,2
3224743071,600767,3
7474790671,52729,3
7884745950,305754,1
8269502930,762527,2
985347383,440875,2
5932091553,9436,2
69932727,753354,3
2715027145,677542,3
5234261944,291238,1
2818967815,56589,2
1598213217,51036,3
9087747856,256783,2
9606925547,89084,1
9866554851,561860,1
3719294769,784827,1
3576529840,606256,2
5478986113,567671,1
6724582316,324809,3
4391559649,123983,2
9530258400,613942,3
609162117,287070,2
755143077,818522,2
5239439928,851978,3
1328248068,602241,1
1440606577,992178,1
8884389971,945635,1
7307977336,672059,2
5953535252,871592,2
6133025410,291238,3
798088726,949818,2
3372412988,435929,3
4910060567,385113,3
8708211566,937542,1
2126853184,89084,3
4390795259,848226,2
9030686359,747801,1
8565611606,647462,2
6782020758,555121,2
561884159,903336,2
2767430579,60619,3
5934372451,144124,2
6833977302,490602,3
8396649871,953175,3
1937188757,257719,3
3142198801,300159,3
6087109745,679284,1
8895262247,153019,1
5138524153,689769,3
9789995549,757274,1
7485459856,455755,2
4033626537,89084,3
9370915142,760828,3
7211325894,56589,1
3482827003,604184,2
6656246719,654623,2
6092663288,818522,3
9346041594,491314,2
9105127475,183929,3
6120818381,647462,1
5174370629,848226,1
3244930036,300159,1
2976493998,91670,3
7971593791,146840,1
4052544342,222892,1
6264003424,739448,2
3436107152,378230,1
8546631319,863930,2
640960551,52729,1
1141173434,53833,1
528309380,118820,2
2387509904,107548,2
6791931269,567671,3
4063689432,837480,1
1206887762,366066,2
6409437174,767398,3
1355164713,131937,3
2604772138,36412,2
5868093790,67197,2
10161194,382511,1
8930380639,107548,1
2247940574,679284,3
6190907327,18035,3
127277515,654297,3
8209093135,91670,2
4419380079,567671,1
2954606845,376447,3
5128739359,131748,1
8183315245,990993,2
8820606892,689769,3
7779228340,942001,3
8459230018,4452,1
7060468800,112390,2
218821567,589812,3
7795766861,140154,1
4285804383,890232,2
5961051248,880510,3
5630323534,425341,1
4642824835,672059,3
3060527554,378230,3
4048252396,451933,2
1271431612,679321,1
8981940261,552496,2
3896239510,739448,3
711316410,305754,3
9863502398,673058,2
293770293,876139,1
890800429,376447,1
1270503169,6405,2
168180571,136533,1
111296281,378230,3
7329085364,969851,1
1129130498,378676,1
996939836,993331,2
8263379807,131136,3
5735975899,611575,3
9651034668,669378,3
3103539793,771228,1
1611921781,123983,3
7532381028,925482,2
7803665404,516376,1
466184886,451812,3
4692518050,70969,2
9408428,124290,1
8766330526,704868,3
9221423039,707935,2
4268661538,952124,1
1378809665,771228,3
4917941248,764014,1
5132792285,516376,2
3776678112,14145,1
6940411801,89084,1
7422521525,952124,2
4419022028,491521,2
8016651984,131748,1
2361722422,848226,3
1001453982,557908,3
9093918346,91670,3
3969014433,679865,1
9684561720,398340,3
7031115362,274207,2
8204766849,709916,1
2785412612,764014,3
2624138741,82484,3
748376248,194682,3
6096787440,478531,3
8787660233,672059,2
3845481278,487931,3
4636134267,228286,3
4538825340,124290,2
4553101047,937542,3
2193853405,448752,2
1642059453,70969,1
5890339330,891833,2
313663478,14145,1
8591576320,692985,2
4728104591,537274,2
8276401643,833557,1
8709694061,337168,2
4080156881,300159,2
7485829116,500633,2
7378865582,661577,3
335575667,77308,3
1621109077,557908,1
7468088555,654623,1
3676517886,473647,3
1746921111,642612,2
7774691391,82484,2
8220678247,361361,1
6048604080,799459,3
8545716586,697683,2
530870056,764014,1
4055690435,120385,3
7096530350,927651,3
7083649345,555121,3
836457367,937542,2
7698126312,136533,1
2267297760,448752,1
1717841423,965755,1
4330597536,537274,1
3687593721,990993,1
6660740926,378230,3
9439713009,455755,1
5281121057,681063,3
7044351561,51036,1
9121393476,219598,3
7202170939,991434,3
1429047127,847349,3
8551965787,34186,1
6756882357,26060,3
618929241,542300,1
9711157887,679284,1
354149805,382511,3
231328814,820541,3
523916986,799459,2
1930887811,602241,2
9958741781,818522,2
6727230123,6405,3
9487368442,992178,2
671459763,133542,3
9129957352,451812,2
9206073690,991434,3
5587148302,18035,2
6936256414,564692,3
3341228576,140489,3
4817323453,949818,2
1163454835,373536,2
5236061455,532965,3
5982829268,478531,3
1901688056,704868,2
5936051107,798639,1
3018272105,585299,3
3656191983,313754,3
5186692805,144124,2
7281243151,611575,1
7906004940,194682,1
6354703603,992178,3
6444064733,217710,3
2405783093,623234,2
63363146,136533,2
7040313500,256783,3
5844807259,448752,1
1931703221,876139,1
3525336030,18035,1
4359807852,564692,1
6946959356,461804,2
782338627,349294,1
4942714391,455755,3
919307194,140154,2
6509263423,615545,1
7200105089,298985,1
7120372196,669378,2
8710393245,112390,1
8862036450,954722,1
2087769338,18035,3
3349267712,532965,3
1689937124,903336,3
4498769995,681063,2
3729771871,578097,2
9065518834,319388,2
7524465290,684939,3
2319921666,839170,1
9541612277,306177,1
6303548068,925482,1
5867651793,927651,3
6405947025,894539,2
2150790907,833557,3
212856641,26060,1
1686508921,659290,3
5879579208,757274,1
1882682579,587645,3
8370410622,63769,2
368599691,890232,1
9282982332,739534,2
4874880100,274207,1
102639985,89084,2
5288207551,760684,2
693932743,300159,2
2325405669,673058,3
8152364696,487065,1
7682359398,324809,1
1742951029,954722,1
4799787645,140154,3
8498666384,930284,2
5013572642,952124,1
8403006958,433521,2
4688831157,53833,2
394578210,349294,3
8681711802,56589,3
9311399064,131748,1
2620581496,34200,2
5116898322,771228,3
5995819849,707935,3
7690500286,18035,2
6107283203,94225,1
3170417508,942001,3
805682701,57405,3
8960508625,970529,1
5580397726,186168,1
1506599381,491521,2
8424478165,880510,1
6083333956,818522,1
9611327860,487931,2
9539444766,63769,3
756168939,4452,1
7762624518,171602,1
3681781563,112390,3
1571085226,991434,3
4244306883,604184,3
7333141591,876139,3
1199945706,970529,1
5895644119,382511,2
7112919210,6405,1
8315937318,962054,1
5331800057,990993,3
5989265505,228286,2
7906361274,33955,3
6312476146,433521,1
9436272631,613942,3
8289791792,552883,2
7659532788,451812,2
1498157233,673058,2
8560951754,942001,3
8764192824,673058,2
1900542981,704868,1
9445683691,799688,3
7719808335,491521,1
4865644960,490939,1
6518276143,53833,2
2211459584,114414,1
6811633572,491314,3
1821573240,876139,3
8848227434,723678,3
7812276711,306177,3
939966106,354409,3
4099108156,94225,2
5684182622,833557,1
4916740946,712307,3
9732307600,144124,1
9280329883,784827,3
4284285927,673058,1
8701796,672059,2
6834734512,137909,2
7127377458,448752,3
4754481356,124290,3
4726007482,284460,3
2320560482,557908,1
1456550348,566052,1
5370744569,478531,1
5819887962,186168,3
1929465827,647462,1
9430139302,120532,1
3632715912,679321,3
3356214803,888807,3
2277864850,513199,2
1754472592,847349,3
1833208408,194682,3
6567954047,954722,2
9409585531,448752,3
731371161,927651,1
7863496069,349294,3
9043955242,56589,3
8257564936,516376,1
7487631571,120532,3
4243307535,592784,2
5490221933,563740,1
577600718,120385,1
1815462789,679865,3
896786012,747801,3
2610552179,67197,1
6244718082,60619,3
1837634871,652118,2
8684571382,240179,1
1659181364,94225,2
5626641031,952124,1
1589326447,647462,3
5018325783,367391,3
5111073873,962054,2
5953426781,532965,1
8966870214,131136,3
6962915277,540618,2
4309308088,120532,2
5391068200,659290,3
4394681222,952124,3
4791895461,425341,3
7272011740,848226,1
87784691,70969,2
4939105270,444361,3
4622303035,880510,2
3460208027,709916,2
2548125971,183929,1
2390111460,492958,2
8309485249,903336,2
8322543480,661577,3
2819200158,60619,1
7087151227,600767,1
6704234561,962054,1
6998410196,365133,2
707035635,677542,1
543400704,767398,3
3604694195,52729,1
3560549947,913428,2
9982178143,734789,1
1423646541,799952,1
7441941402,820973,1
8395661807,120532,3
5480656353,587645,2
4561602092,306177,1
1695982633,481843,2
6309447153,853932,2
4796733514,604184,2
2858966982,734789,2
6948607495,891833,1
4959271803,385113,2
5669689881,448752,1
5352265711,440875,1
5498551836,871592,1
6556845822,799688,1
5167008199,883013,1
966294309,654297,3
3163611427,962591,2
203136866,6405,1
1815555165,382511,1
1874499212,697683,1
4012779165,462526,2
3669023899,707935,2
9296381620,89084,2
2725513934,604184,3
5564338561,257719,1
4701778121,700048,1
9529272337,91670,1
869910650,451933,1
2127080399,222892,3
3547439109,706112,3
997535715,606256,1
2442453181,146840,2
1182120536,9436,1
2819297954,500739,2
9870956079,937542,1
6032675432,60619,2
329790912,305754,1
6459815532,951463,3
9214523757,243235,3
9450279027,367391,2
6265551101,890623,2
4138526838,555121,2
8005579633,992178,2
3442984170,673058,2
8711550413,914071,3
2509593585,186168,3
6126557370,563740,3
9876119035,689769,3
3739042166,642612,3
7938944124,112390,3
506804807,470449,3
3577900599,140489,1
8337599633,707935,3
8611745429,146840,2
2990223879,373536,2
52324496,888807,2
6594929133,812607,1
2480235830,63769,3
9667072962,945635,1
277700053,552496,2
5691623788,41853,1
6845696161,194682,2
4098488449,444361,3
5653623743,659290,3
6416399784,52729,1
4365565386,490602,2
6423269418,890232,1
1020534590,953175,3
4015289878,692985,1
9959668334,361361,3
8054387790,41853,1
4795344310,747801,3
2205862234,891833,2
4686249863,319388,2
1270524770,679321,1
5743550453,679284,2
5309699078,51036,1
7565768030,833557,3
3210260715,63769,1
6657245289,679284,1
7854526965,658389,2
2770948451,107548,1
624070426,951463,1
891583492,492958,2
5811206654,818990,2
809894905,537274,2
8209000496,661577,1
4901288364,970529,3
5890338566,690565,2
2745295248,760828,1
5708700204,274207,2
8643851643,799952,2
4525287277,305754,1
6154459753,949818,3
2587790388,11422,3
2665891587,767398,2
6996561687,968887,2
961607638,954722,2
4385491839,146840,3
1279200190,291238,1
9668698616,962054,1
4813038298,500739,3
2030125421,222892,3
6997235339,820541,1
7438342576,336847,2
9958423263,455755,2
3416693628,324809,3
3440579647,222892,1
5307231496,799688,2
4779055734,818522,3
3834705841,432617,1
9080324081,256783,3
2500757555,284460,3
1292986566,615545,2
6602362287,642612,2
184844043,349294,3
936587253,462526,2
2834429147,700048,3
114306835,448752,3
1675849477,679321,2
5191052705,433521,3
7068834722,654623,3
5051330893,425341,1
6065496420,500633,1
7574848635,4452,3
8793868975,60619,3
5381466176,94225,1
7709366480,228286,2
4936667930,131136,1
6860925755,451812,1
5486433396,891833,2
7089292009,613942,1
5350760367,734789,1
5581769906,500739,1
6256637306,677169,3
2999946056,673058,1
5218488175,183929,2
8297436592,52729,3
1806118907,500739,2
6999224625,689769,3
1809997641,82484,3
7528090614,324809,2
4884904912,382511,2
9811235698,837480,1
5616653529,329351,2
7188183056,455755,3
7898301143,707935,3
5222677885,256051,2
8544952346,853932,3
9403371764,9436,3
3956205476,36412,3
5678362658,67197,3
8131610255,692985,1
4722653990,990993,2
6613853662,183929,1
8274987671,140489,1
5519983123,449106,1
2746329488,171602,2
6443285614,723678,3
6932426427,832348,1
1796512004,462526,1
1464518253,540618,1
3585105627,753354,1
5387247994,217710,1
7568171531,561860,2
4111193446,133542,3
8683154153,818522,2
5712367183,329351,3
3952854723,700048,2
4631387671,56589,3
2145309969,953175,3
4314762741,587645,3
7401889152,888807,3
1932040824,557908,3
9836424713,367391,2
9882312203,540618,1
3082649585,747801,3
6033878151,837480,2
6395547592,319388,2
372962997,684939,1
2988215377,274207,1
7081583361,243235,1
1860491452,63769,3
7499656197,897083,2
4507112412,903336,2
9214595868,56589,2
253430904,14145,2
5574588218,196719,1
2817281674,91670,3
4932779616,487065,2
7932879650,621677,3
997698125,876139,1
2403547563,77308,3
8875483494,578097,2
883548284,689769,3
2364229435,478531,3
6845869445,925482,2
397818832,692985,3
304166272,913428,3
1575626085,863930,1
3945644714,654623,2
8370213291,397973,3
2185375786,337168,2
1828975788,667163,1
4319450104,354409,1
5059765199,564692,1
5360089735,925482,3
8008211695,623234,3
4400031082,500739,1
9582738204,604184,1
1368450162,525531,3
56705032,692985,2
2407168640,34186,2
530588807,954722,1
9975541696,784827,1
8602707005,883013,2
2382595056,753354,3
8056162498,317242,3
4593039089,490939,2
7311288658,398340,2
9157217130,306177,2
9328094731,500739,2
3259266120,644847,1
4656541041,592784,2
730839483,123983,1
6185824257,337168,3
225195662,658389,2
6771104541,833557,2
6146830622,435929,3
1380326453,14145,2
728523620,687218,3
27296314,313754,2
2608278705,237083,3
6786366774,53833,3
5572475750,397973,3
8276417383,462526,1
784435014,478531,1
9442274046,969851,2
2470025903,839170,2
6774241153,707935,2
3874644184,853932,3
8078065454,679865,3
340113260,621677,1
2978839318,435929,2
3896922017,677542,3
7621954956,298985,1
581178324,578097,2
8469170680,240179,1
6779626333,871592,2
6335704206,592784,1
8314342490,440875,2
1948795658,186168,1
9187864807,871592,1
8399666962,287070,3
6196321055,767398,2
8128518434,449106,2
9854897999,991434,2
2603584546,366066,3
1295119665,378676,2
599975885,473647,3
5834861324,89084,3
2032005162,883013,2
8391900458,704868,1
1887687323,490602,1
2120411967,34200,3
3158340906,398340,1
2387343456,820541,2
338609144,349294,3
9056190831,890232,3
2803081135,385113,2
5970759669,194682,1
3226693729,444361,3
8132845656,965755,3
7850550725,317242,3
2934547619,567671,1
608179182,298985,3
5191326847,621677,3
7614561036,739448,1
2947791133,837480,2
6538760883,133542,1
8872250952,94225,3
8173258734,712003,1
5465833352,243235,3
2106569369,853932,2
9039440500,228286,3
8281482042,313754,3
479528548,564692,3
8087519921,500739,2
4869691623,913428,3
7155177625,952168,3
7254499390,146840,1
7394439260,376447,3
6581715589,661577,2
9457009010,712003,3
2859660695,672059,2
6392348668,473647,2
6933011590,839170,1
5809441378,990993,3
411113020,217710,1
5512796364,661577,3
2610813239,690565,3
3236748462,305754,3
6652395897,56589,1
5517901926,803607,3
2174753933,120532,1
1525700767,890232,2
7232692149,681063,2
8556607504,194682,1
5841260317,478531,1
9471427840,378230,3
2070610257,652118,2
1884811437,762527,2
5331747573,4452,2
9977285985,425341,3
1715175070,291238,3
4117790162,91670,3
9051644316,914071,3
4903335316,34186,2
3341481363,435929,1
4074537770,361361,3
5374589112,540618,2
6401406847,894539,3
698439139,677169,1
881367843,34200,2
6438115781,563740,2
1706198744,444361,2
3115167739,36412,1
8608111158,652118,1
8167540645,832348,2
898210033,490939,3
5415454466,897083,2
9240312177,34186,3
4880265969,382511,2
5056583192,945635,1
1921412688,222892,2
5829741995,673058,3
9830742370,679284,1
509041342,679321,1
8420144998,799688,1
7353766541,385113,1
8617979440,552496,1
680476823,183929,3
5424536852,123983,2
1142004448,567671,1
1814491335,34186,2
445929405,798639,1
3849003596,677169,3
6367757670,681063,1
4925321106,820541,3
4463294381,654297,1
9077946933,487065,2
6688079478,462526,2
8712304346,537274,1
3748957111,243235,3
2388792163,513199,2
2583035857,337168,1
2649487718,557908,2
5936628691,888807,2
7662682121,673058,3
736115661,473929,1
2448741950,760684,1
9321629905,186168,1
9020583379,317242,3
2642275862,757274,3
6932431317,34186,1
9126871366,154179,3
3244572785,563740,1
6485432691,60619,3
6047222755,681063,2
6167501412,600767,2
2052163872,376447,2
7740339645,704868,2
2761855959,36412,3
8010347195,451812,2
2384153985,684939,3
3584794157,951463,2
8186709947,449106,3
6027355216,144124,2
9823160533,451812,1
8694663463,186168,3
1296772969,124290,3
5856838171,652118,3
915473142,891833,1
6992097680,51036,2
6870670122,760828,3
6626994121,144124,2
6125813500,784827,2
6899859775,606256,2
1825560091,82484,1
1320638425,490602,2
5320995509,140489,2
4249535395,714999,1
804881381,382511,2
4858560187,859361,1
6425666148,6405,3
9021754099,60619,2
7728205680,687218,3
9346166799,120532,3
3377313085,897083,3
8167716321,52729,2
2024637181,784827,3
9310630290,563740,3
2276505075,449106,1
6615188116,803607,1
6858336318,883013,1
7601638642,968887,2
1191565627,820973,3
4785021992,721521,1
3452964753,757274,1
3490919801,537274,1
105578518,329351,3
2978719561,144124,3
9979010790,914071,1
4435636116,366066,1
5909879259,949818,2
2686390867,903336,2
6698537000,131748,1
4395604675,914071,2
3475041787,712003,1
5817989751,687218,3
1433129858,647462,1
3571922553,137909,3
7940229189,52729,1
3801240688,313754,3
1295268290,952124,1
4552636670,120385,3
6805071689,82484,3
8026827967,9436,1
6417774057,739534,3
7877665931,354409,3
7754237266,51036,2
7985418058,760684,2
5287733777,667163,3
7112725384,319388,1
6261926473,455083,2
1495465938,913428,2
7891205593,490939,2
924888012,39154,2
943278538,812607,2
9981950902,284460,1
7769253886,760828,1
9350977708,739448,2
4525211942,490939,1
7232049635,300159,2
679546532,136533,2
4665187954,337168,1
3914760118,153019,1
155568486,807452,1
3773972929,669378,1
2168808412,378287,2
7697315553,692985,1
804414742,707935,3
918328199,970529,2
3084493525,219598,1
8047256000,721521,1
5176597414,6405,2
110303417,654623,3
1809212176,818522,2
1765001264,654623,1
4220306391,537274,1
1275637731,137909,1
7729557529,961614,1
9279017414,131937,1
8726185624,712003,2
3192177869,677542,3
5033541164,969851,3
4495977117,378287,2
8866977450,564692,1
7542030170,77308,3
8782031586,820541,3
7177553918,425341,1
9157563215,77308,1
989452284,51036,2
9972678893,305754,2
8561203503,937542,1
1388300707,848226,2
4054816025,876139,3
9943206333,378287,2
3948498236,136533,2
8096169523,739448,3
8803091944,697683,2
7409519974,679284,2
456278500,525531,1
9912965340,153019,1
2802653261,455083,3
8629948751,901144,1
9169008097,196719,1
3186513319,492958,1
8837578937,33797,1
1468095888,455083,1
3055120492,604184,2
6083457185,57405,3
7154956248,313754,2
246971181,901144,1
2452915406,890232,3
9458183390,361361,2
576571858,114414,3
9544803182,807452,2
2121652047,962054,3
8891725854,120532,3
4870772869,669378,1
262562615,264803,3
5142912812,324809,1
1225289500,378230,2
7337555525,537274,1
5719806088,272170,2
6890191424,154179,3
5695198653,557908,2
482670263,621677,2
7857904467,953175,1
614435661,578097,2
2284551326,257719,1
8614991290,642612,2
9865566300,753354,2
6672582413,11422,2
3004834987,604184,3
4486349175,566052,3
3098655541,697683,2
1912293606,124290,3
7465280557,689769,3
343050015,146840,2
6414606364,723678,2
4092550629,264803,1
9810964144,542300,1
6513851276,491314,2
6080784069,487065,2
1967283733,897083,1
2683672396,36412,2
1464736195,425341,1
3258963661,644847,1
9956872454,11422,1
867630114,123983,2
3333752740,70969,2
4835197446,492958,2
1888517793,329351,2
5148599328,871592,2
3405089431,491314,2
9286199495,647462,1
6418255337,154179,1
7442478777,222892,3
5170777528,679284,2
1255941187,478531,3
4704980993,564692,1
7310604669,183929,1
7970608721,839170,1
3164727163,542300,1
2388064449,473929,3
757816226,14145,3
259772553,34200,2
8388644219,9436,1
1545044936,329351,1
6995571310,336847,1
8801161214,313754,3
1751319400,561860,2
10448052,945635,2
3047076079,723678,1
5085860780,513199,3
6213909425,455083,3
3712789789,455755,2
278794976,378676,3
3420357591,365133,1
4551386734,951463,3
7609681987,365132,1
1721655048,589812,1
7040151151,94225,3
6719661881,140154,1
5195004299,567671,3
5441946621,859361,1
3508992095,734789,2
8454449180,324809,1
9251851237,993331,3
6739811103,256783,3
7590827828,661577,3
310213322,880510,2
934908369,324809,2
3817617199,712003,1
2622709030,968887,3
3843689992,36412,2
8732395640,448752,1
3889721330,120532,2
7064093619,962591,1
6798661163,552496,2
2878307830,186168,2
4133369643,667163,1
3394787348,63769,1
4830380663,57405,2
3441042301,604184,1
3984353474,557908,3
4495916529,112390,3
5075205264,15314,3
6129180304,146840,3
3311686914,945635,1
3907403745,33797,2
9924696305,876139,2
7348508805,942001,1
1665004352,883013,2
1049800958,131937,3
2937550786,739448,3
486724008,901144,1
9361578823,652118,3
6249585672,144124,1
2111712383,969851,3
2962076108,131136,1
7509638056,327290,1
6074743537,300159,3
3560026527,578097,2
7005103077,52729,1
8175826750,661577,1
8572946020,537274,2
2936701883,140154,1
9948324640,107548,1
2865872281,291238,3
5785351358,707935,2
5204776107,818522,3
8689865723,970529,1
7822329516,34200,2
5995393950,324809,3
5458784818,953175,3
5611686165,217710,3
6390653932,962054,3
1215008706,349294,1
7357727116,82484,2
7562975685,284460,2
3118070064,760828,2
8255753870,398340,2
5924715529,455755,2
9593816617,440875,3
6143213997,739534,2
4516009647,969851,1
291900074,376447,3
3178700341,704868,1
4231742059,690565,1
7437613292,237083,2
5609346062,925482,1
909033820,433521,3
470624828,679321,2
9608676386,487065,1
6846160702,131937,3
4248168019,378676,3
9057909300,120532,1
2171816966,537274,1
1387025817,490939,2
6801124715,305754,2
6117979297,298985,1
4902314626,140154,2
361595059,700048,1
5309683159,757274,2
2300265337,654623,3
199903168,847349,3
4923840119,764014,2
2209550085,679865,1
120178110,739534,3
6647259959,39154,3
3859980017,992178,1
9196827234,741341,2
3499440849,965755,2
7114775833,592784,1
7812364366,552883,1
7525899857,723678,3
3917847107,587420,2
1229828587,432617,2
4249345096,564692,1
4002407580,256051,3
5982122427,707935,3
3280431261,327290,2
5066338759,41853,2
9087426355,114414,2
5512907,659290,3
4174741467,930284,2
6270463968,883013,1
1239385001,897083,3
5250202756,555121,2
4099185509,968887,2
7875903450,563740,3
7561642939,146840,2
5438908316,942001,1
357437373,667163,3
8972877222,373536,1
1163798451,954722,2
3588229485,67197,3
1205823348,707935,2
2867008541,914071,3
5794917332,60619,1
4726520098,77308,2
6251716165,914071,3
5991829458,329351,2
1142626566,337168,2
2595161999,771228,2
8865698939,107548,2
1776582175,56589,2
7323157341,478531,1
8997413283,839170,2
2548452255,131136,3
7906839225,33955,3
4113927200,144124,3
4233626614,542300,3
2886463378,140489,2
1823348306,669378,2
8706556166,567671,2
5139433840,123983,2
769731596,837480,1
1346090496,659290,3
9339629293,542300,3
3043993017,451812,1
274863669,990993,1
3736611791,398340,3
9628875555,903336,1
6367306297,196719,3
4393113152,56589,1
1239928207,961614,2
5473002872,992178,2
6536847919,965755,2
5480709564,89084,1
1393100618,723678,3
6999330116,120385,3
7816842690,564692,1
3186586558,654297,3
7927955136,11422,1
3518172697,500633,1
4557188271,871592,1
2893244627,34200,2
1996683408,39154,2
1673794089,378287,3
9931161723,679865,2
856799416,611575,2
6668508959,137909,2
4914874727,240179,1
7869104895,820973,1
5094989752,478531,2
4305377896,799952,2
7017136473,953175,1
3303209513,183929,3
8607953669,34186,3
1940918101,140154,1
6494615659,757274,1
4280890409,89084,2
7598489331,425341,2
8755280486,589812,3
8281093933,642612,1
7415765726,647462,3
6266072804,196719,1
1542448934,118820,3
2896979776,992178,3
169867835,927651,3
9493456526,516376,3
9423261830,611575,1
5793453795,378676,2
2141680269,820541,1
6457122136,589812,3
8447536518,542300,2
3191672889,897083,2
2521995712,219598,3
8194578267,669378,2
2811341619,762527,1
5562576298,578097,2
7446009755,954722,3
7343262659,492958,1
7147677361,490939,1
8732072897,366066,2
6418604551,243235,2
4989511905,373536,3
2520527893,18035,3
4753989820,672059,1
8285547588,264803,2
5824924668,382511,3
7703854141,990993,3
7380361209,487065,2
5053033745,803607,1
4859489972,848226,3
9690396315,812607,2
448732557,689769,1
4927306668,540618,2
1669690997,925482,3
8340761903,124290,2
5936301790,491314,3
5710579377,319388,2
2494813730,136533,1
